Title,Score
Museru kurai no Ai wo Ageru (Choking on Love),8.05
Koukaku Kidoutai Arise: Ghost in the Shell - Border:1 Ghost PainGhost in the Shell: Arise - Border 1: Ghost Pain,7.43
Seikai no Monshou Special,7.1
BanG Dream! Movie: Episode of Roselia - I: Yakusoku,7.73
"Mou Ippon! (""Ippon"" Again!)",7.38
"Tearmoon Teikoku Monogatari: Dantoudai kara Hajimaru, Hime no Tensei Gyakuten Story @comic (Tearmoon Empire)",7.65
Kuroko no Basket: Extra Game,7.86
Sidonia no Kishi Movie,7.23
Oyayubisagashi,6.92
Kin no Kuni Mizu no KuniGold Kingdom and Water Kingdom,7.2
Moonlight Mile 1st Season: Lift Off,7.13
Meitantei Conan OVA 07: Agasa-sensei no Chousenjou! Agasa vs Conan & Shounen TanteidanDetective Conan OVA 07: A Challenge from Agasa! Agasa vs. Conan and the Detective Boys,7.25
Chiyu Mahou no Machigatta Tsukaikata: Senjou wo Kakeru Kaifuku Youin (The Wrong Way to Use Healing Magic),7.16
Babel no Tegami,7.17
Nokori Ichinichi de Hametsu Flag Zenbu Heshiorimasu: Zamaa RTA Kiroku 24Hr.,7.55
Boku dake ga Inai MachiERASED,8.3
Mirai Nikki: Curse Diary (The Future Diary: Curse Diary),6.95
3 Level Combination,7.13
Toaru Kagaku no AcceleratorA Certain Scientific Accelerator,7.21
Kamisama Hajimemashita◎Kamisama Kiss Season 2,8.22
Ikkyuu-sanIkkyu the Little Monk,6.82
Allison to LilliaAllison & Lillia,7.33
Sakura Taisen (Sakura Wars),6.97
Sakura no Hana Saku Koro,7.08
Blue Seed,7.0
Hanayome-sama wa 16-sai,7.16
Venus ni Arazu,7.19
Kakukaku Shikajika (Blank Canvas: My So-Called Artist's Journey),8.53
Akahime Ranshin,6.97
Kamisama Kazoku,7.1
Kaze no Naka no Shoujo: Kinpatsu no Jeanie,7.04
Shingeki! Kyojin Chuugakkou (Attack on Titan: Junior High),7.05
Gosick W,7.14
Kami no Shizuku (The Drops of God),7.54
Monokuro Shounen Shoujo,7.76
Shakugan no Shana,7.61
Genshin: Dengeki Comic Anthology,7.39
"Ore no Nounai Sentakushi ga, Gakuen Love Comedy wo Zenryoku de Jama Shiteiru OVAMy Mental Choices Are Completely Interfering With My School Romantic Comedy OVA",7.15
"Kyou, Orenchi Yotteku? (Why Don't You Stop By My Home, Today?)",7.0
Kanojo to Himitsu to Koi Moyou,7.09
Oyome ni Ikenai!,7.24
Shin High School DxD,8.21
Date A Bullet: Dead or Bullet,7.57
Kekkai Sensen & BeyondBlood Blockade Battlefront & Beyond,7.78
Sangoku Rensenki: Otome no Heihou!,7.16
Blue Nathanael,6.93
Itou Junji Kyoufu Manga Collection: Ijimekko,7.47
30-pun de Wakaru! Kore made no Love Live!,7.1
Potion-danomi de Ikinobimasu! (I Shall Survive Using Potions!),7.19
Danball Senki WLBX: Little Battlers eXperience Season 2,7.02
Mamotte! Lollipop,7.28
"Negai wo Kanaete Moraou to Akuma wo Shoukan shita kedo, Kawaikatta node Kekkon shimashita: Akuma no Niizuma (I Summoned a Devil to Make My Wish Come True, but I Got Married Because It Was Cute.: Devil's New Wife)",7.22
"Watashi ga Koibito ni Nareru Wake Nai jan, Muri Muri! (※Muri ja Nakatta!?) (There's No Freaking Way I'll be Your Lover! Unless...)",7.39
"Mada, Ikiteru",7.43
Aggressive Retsuko (ONA) 3rd SeasonAggretsuko (ONA) 3rd Season,7.8
Makai Senki  (Disgaea),7.06
"Kanojo, Okarishimasu 2nd SeasonRent-a-Girlfriend Season 2",6.83
Hana ni Arashi,7.81
Kirei no Tamago,7.21
Ningyo Himeden (Princess Mermaid),7.1
Tiger Mask Nisei,7.32
No Home,8.14
Eden's Bowy,7.11
Kämpfer,7.05
Itazura na KissItaKiss,7.42
Becoming the Monarch,7.3
Love Live! School Idol Project: μ's →NEXT LoveLive! 2014 - Endless Parade Encore Animation,6.91
Kuroko no Basket: Oshaberi Demo Shimasen ka,7.22
Hito Hitori Futari,7.62
Re Cervin,7.01
Spy x Family Season 2,8.09
Senki Zesshou Symphogear AXZSymphogear AXZ,7.61
Hug tto! Precure♡Futari wa Precure Movie: All Stars Memories,7.69
Touhou Kourindou: Curiosities of Lotus Asia.,8.0
Koori no Kuni no Amaryllis (Amaryllis in the Ice Country),7.18
Dekinai Futari,7.07
Kurokouchi,7.31
City Hunter 3,7.79
Slayers: The Motion Picture,7.27
Kurau Phantom Memory,7.28
Poe no Ichizoku (The Poe Clan),7.74
Shingeki no Bahamut: Genesis - Short Story,7.12
Swan,7.71
Weiß: An Assassin and White Shaman,6.99
Mitsuya-sensei no Keikakuteki na Ezuke.,7.55
Bleach: The Death Save the Strawberry,7.52
Aishang Ta de LiyouThe Girl Downstairs,7.62
Kodomo no Jikan Recap,6.85
IDOLiSH7,7.7
Watashi no Shiawase na Kekkon (My Happy Marriage),8.05
Tsuki to Laika to NosferatuIrina: The Vampire Cosmonaut,7.31
HaruHana (haru*hana),7.16
Jigoku Shoujo (Hell Girl),7.08
Free!: FrFr - Short Movie,7.63
The Academy's Undercover Professor,7.46
"Ore ga Akuma de, Aitsu ga Yome de.",7.53
Mashima Hero's,7.24
Black★Rock Shooter: Innocent Soul,7.37
Ningyo ga Fuchi,7.01
Mitsuboshi Colors,7.41
Jiujiu: Jujuu (Jiu Jiu),7.25
Strike Witches,6.95
Fractale,6.92
Hyouge Mono,7.89
Hotori: Tada Saiwai wo Koinegau,6.86
Kiba,7.28
Nanatsu no Maken ga Shihai suru (Reign of the Seven Spellblades),7.61
"Seijo-sama? Iie, Toorisugari no Mamonotsukai desu!: Zettai Muteki no Seijo wa Mofumofu to Tabi wo Suru (Saint? No! I'm Just a Passing Beast Tamer!: The Invincible Saint and the Quest for Fluff)",7.15
Tomo-chan wa Onnanoko! (Tomo-chan Is a Girl!),7.91
Date A Live: Date to Date,7.32
Princess Princess,7.54
Sumomomo Momomo: Chijou Saikyou no Yome,6.84
Mukamuka Paradise,6.93
Sekai de Ichiban Oppai ga Suki! (Breasts are My Favorite Things in the World!),6.93
"Maou no Ore ga Dorei Elf wo Yome ni Shitanda ga, Dou Medereba Ii? (An Archdemon's Dilemma: How to Love Your Elf Bride)",7.58
Villainess in Love,7.57
Dinghai Fusheng LuDinghai Fusheng Records,6.89
Tsubaki-chou Lonely Planet,8.01
"Yuyushiki: Komarasetari, Komarasaretari",7.31
Ginga Kikoutai Majestic Prince Movie: Kakusei no IdenshiMajestic Prince The Movie: Genetic Awakening,7.12
Karin,7.11
Heat Guy J,7.13
Isshuukan Friends. Specials,6.81
Seitokai no Ichizon Lv.2Student Council's Discretion Level 2,7.34
Ore no Imouto ga Konnani Kawaii Wake ga NaiOreImo,6.95
NG Knight Ramune & 40,7.37
Aa! Megami-sama!Oh! My Goddess,7.29
Berserk: Ougon Jidai-hen II - Doldrey KouryakuBerserk: The Golden Age Arc II - The Battle for Doldrey,7.87
Latna Saga: Survival of a Sword King,7.63
Dr. Kumahige,7.23
Chou Hatsumei Boy Kanipan,6.86
Jijou wo Shiranai Tenkousei ga Guigui Kuru. (My Clueless First Friend),7.64
Initial D First Stage,8.34
Biblia Koshodou no Jiken Techou,7.73
s (Mixed Vegetable),7.58
Lupin III: Sweet Lost Night - Mahou no Lamp wa Akumu no Yokan,6.96
B'T X,7.03
Shirai Kaiu x Demizu Posuka Tenpenshuu (Kaiu Shirai x Posuka Demizu: Beyond The Promised Neverland),7.19
Kitsune no Yomeiri,7.1
Denpa Onna to Seishun Otoko,7.08
"Kanojo, Hitomishirimasu (Rent-A-(Really Shy!)-Girlfriend)",7.41
Majo no Kekkon (The Witches' Marriage),7.22
Precure Miracle Leap Movie: Minna to no Fushigi na Ichinichi,7.28
Shin Chou Kyou Ryo: Condor Hero IIILegend of the Condor Hero III,7.18
Sekirei: Hajimete no Otsukai,7.04
Dekiai nante Mitomemasen!,7.09
Star Ocean: Blue Sphere,7.26
Umibe no Q (Q on the Seaside),7.1
Uchuu Patrol LulucoSpace Patrol Luluco,7.53
Suisei no GargantiaGargantia on the Verdurous Planet,7.45
Kaibutsu-kun (1980),6.82
Kuroshitsuji II SpecialsBlack Butler II Specials,7.41
Kono Subarashii Sekai ni Shukufuku wo! Kono Subarashii Choker ni Shukufuku wo!KonoSuba: God's Blessing on This Wonderful World! - God's Blessing on This Wonderful Choker!,7.84
Sable Prince,6.97
Hardcore Leveling Warrior,7.5
Yozakura Quartet: Hoshi no Umi,7.38
Yowamushi Pedal,7.93
Yumemiru Taiyou (Dreamin' Sun),7.63
Demi-chan wa KataritaiInterviews With Monster Girls,7.53
Puparia,7.61
H2,8.19
gdgd Fairies,6.81
Momonchi,6.97
Busou Shoujo MachiavellianismArmed Girl's Machiavellism,6.88
Long She YanyiDragon's Disciple,7.06
Pokemon Side StoriesPokémon Chronicles,6.88
Hotel: since 2079,7.35
Girls & Panzer MovieGirls und Panzer der Film,8.18
"Flanders no Inu, Boku no PatrascheA Dog of Flanders: My Patrasche",6.99
Bungou Stray Dogs 3rd SeasonBungo Stray Dogs 3,8.21
AjinAjin: Demi-Human,7.39
Hokuto no Ken - Toki Gaiden (Fist of the North Star: The Silver Saint - Toki's Story),7.28
Sunabouzu (Desert Punk),7.54
Kidou Senshi Gundam SEEDMobile Suit Gundam SEED,7.74
Shin Mazinger Shougeki! Z-henMazinger Edition Z: The Impact!,7.66
Igano Kabamaru,7.81
Soul to Seoul,7.01
Kokushi no Shima,6.93
Nicoichi,7.44
JoJo no Kimyou na Bouken: AdventureJoJo's Bizarre Adventure (OVA),7.22
Kimi no Kiss de Me wo Samasu (I wake up with your kiss.),7.11
Prince of Stride: Alternative,6.9
Kimi wa Haru ni Me wo Samasu (You Will Wake Up in the Spring),6.97
Saboten no Himitsu (Cactus's Secret),7.44
Pure Love Seasons 1: Haru - Hajimete,7.01
Goblin Slayer: Goblin's Crown,7.26
Code Name wa  (Sailor V),7.51
Nitaboh,7.28
Kidou Senshi Gundam: Suisei no Majo - PrologueMobile Suit Gundam: The Witch from Mercury - Prologue,7.87
Honzuki no Gekokujou: Shisho ni Naru Tame ni wa Shudan wo Erandeiraremasen Dai 3-bu - Ryouchi ni Hon wo Hirogeyou! (Ascendance of a Bookworm: I'll do Anything to Become a Librarian! Part 3 - Let's Spread Books Through the Duchy!),7.83
Karakai Jouzu no Takagi-san MovieTeasing Master Takagi-san: The Movie,8.48
Zettai Karen Children OVA: Aitazousei! Ubawareta Mirai?,7.13
Owaranai SeraphSeraph of the Endless,7.34
Carbonard Crown,7.16
Slayers Try,7.81
Zom 100: Zombie ni Naru made ni Shitai 100 no Koto (Zom 100: Bucket List of the Dead),7.65
Haikyuu!! Tokushuu! Haru-kou Volley ni Kaketa SeishunHaikyuu!! Special Feature! The Spring Tournament of Their Youth,7.53
Koutetsujou no Kabaneri Movie 3: Unato KessenKabaneri of the Iron Fortress: The Battle of Unato,7.69
Maple Town MonogatariMaple Town,6.92
Kuu Neru Futari Sumu Futari,7.55
The Frozen Player Returns,7.24
Shijou Saikyou no Deshi Kenichi OVAKenIchi: The Mightiest Disciple OVA,7.88
Monte Cristo Hakushaku (The Count of Monte Cristo),7.59
Legendz: Yomigaeru Ryuuou DensetsuLegendz: Tale of the Dragon Kings,7.39
Hatsukare,7.21
Fate/Grand Order: Shinsei Entaku Ryouiki Camelot 1 - Wandering; AgateramFate/Grand Order: Divine Realm of the Round Table - Camelot Wandering; Agateram,6.87
Shuumatsu Nani Shitemasu ka? Isogashii desu ka? Sukutte Moratte Ii desu ka? (WorldEnd: What do you do at the end of the world? Are you busy? Will you save us?),8.56
Fruits Basket 2nd Season,8.55
W.I.T.C.H.,7.43
Reikenzan: Eichi e no Shikaku,6.86
Koutetsujou no Kabaneri Movie 1: Tsudou HikariKabaneri of the Iron Fortress: Light That Gathers,7.55
Nukenai Seiken-chan,7.09
Mobius Doumei,7.13
Amagami SS: Tachibana Miya-hen - ImoutoAmagami SS: Little Sister,7.19
Golden Time,7.74
Museum,7.38
Slam Dunk: Hoero Basketman-damashii! Hanamichi to Rukawa no Atsuki Natsu,7.64
Lupin III: Alcatraz Connection,7.03
Berserk: Ougon Jidai-hen III - KourinBerserk: The Golden Age Arc III - The Advent,8.2
Jigoku no Enra (Enra in Hell),7.3
Shouwa Genroku Rakugo Shinjuu: Yotarou Hourou-hen,7.57
Kuramochi Youichi Special Bangai-hen: OutRun,7.41
"Nihon e Youkoso Elf-san. (Welcome to Japan, Ms. Elf!)",7.26
Sensou Kyoushitsu (The Bugle Call),7.73
Natsume Yuujinchou: Itsuka Yuki no Hi niNatsume’s Book of Friends: On a Certain Snowy Day,8.33
Yu☆Gi☆Oh! Duel MonstersYu-Gi-Oh!,7.49
Wu Shan Wu Xing: Xichuan Huan Zi LinFog Hill of Five Elements,8.2
"Katsute Mahou Shoujo to Aku wa Tekitai shiteita. (This Is the First, and Probably Final, Loose Hostile Relation.)",7.21
Blue Hearts,7.48
Macross Δ Movie 2: Zettai Live!!!,7.6
Magdala de Nemure (May Your Soul Rest in Magdala),7.28
Overlord Movie: Manner Movie,6.86
Keroro Gunsou Movie 2: Shinkai no Princess de Arimasu!Sergeant Frog Movie 2,7.26
"Papa no Iukoto wo Kikinasai!Listen to Me, Girls. I Am Your Father!",7.25
Armitage III: Dual-Matrix,6.81
Kyousou Giga (TV)Kyousougiga,7.7
"Jumyou wo Kaitotte Moratta. Ichinen ni Tsuki, Ichimanen de. (I sold my life for ten thousand yen per year.)",8.78
Otogi Juushi AkazukinFairy Musketeers,7.04
Kakegurui××,7.19
Love Luck,7.32
Ganota no Onna,6.92
Anima Yell!,6.88
Love Live! School Idol Project 2nd SeasonLove Live! School Idol Project 2,7.77
Crayon Shin-chan Movie 05: Ankoku Tamatama Daitsuiseki,7.36
Winter Woods,8.05
Sumire wa Blue,6.94
"Sayonara Isekai, Mata Kite Ashita (See You Later, Fantasy World. We Hope That Tomorrow Comes Again.)",7.06
Date A Live II: Kurumi Star Festival,7.9
Tondemo Skill de Isekai Hourou Meshi (Campfire Cooking in Another World with My Absurd Skill),7.53
"Omae, Tanuki ni Naranee ka? (Would You like to Be a Tanuki?)",7.31
Mou Speed de Karera wa,6.96
Suzumiya Haruhi no Yuuutsu,7.66
Yuru Yuri Nachuyachumi!+,7.77
Tales of Symphonia The Animation: Sekai Tougou-hen Specials,7.02
Kurayami no Shutter Speed,7.01
Youjo Senki Shokudou,7.31
Ginga Tetsudou 999 (Movie)Galaxy Express 999,7.54
Asari-chan,7.21
Song of the Doll,7.07
Amatsuki,6.88
Crows,8.23
Miseinen dakedo Kodomo ja Nai (That is not a child but a minor),7.41
Monogatari Series Heroine Hon,7.36
Hetalia: The Beautiful World Specials,7.45
Evil Eater,6.92
Wakakusa Monogatari: Nan to Jo-senseiLittle Women II: Jo's Boys,7.55
Koukaku Kidoutai: Stand Alone Complex - Solid State Society - Uchikoma na HibiGhost in the Shell: Stand Alone Complex - Solid State Society: Uchikomatic Days,6.87
Honzuki no Gekokujou: Shisho ni Naru Tame ni wa Shudan wo Erandeiraremasen Dai 2-bu - Hon no Tame nara Miko ni Naru! (Ascendance of a Bookworm: I'll do Anything to Become a Librarian! Part 2 - I'll Even Join the Temple to Read Books!),7.91
A-Channel: +A-Channel,6.95
Aoi Kiseki,7.62
Chio-chan no TsuugakuroChio's School Road,7.45
Kyou wa Kaisha Yasumimasu.,6.99
Code Geass: Boukoku no Akito 5 - Itoshiki Mono-tachi eCode Geass: Akito the Exiled - To Beloved Ones,7.13
Happy Sugar Life,7.19
Kedamono Arashi: Hold Me Baby! (Beast's Storm: Hold Me Baby!),7.4
Osomatsu-sanMr. Osomatsu,7.93
Gantz/Minus,7.22
Ao Haru Ride: Special Booklet,7.41
Hokusai,7.32
Hareluya,6.91
Hotori: Tada Saiwai wo Koinegau,6.86
Houkago no Charisma (Afterschool Charisma),7.44
Kubikiri Cycle: Aoiro Savant to ZaregotozukaiThe Kubikiri Cycle,7.76
Tenshi Nanka ja Nai,7.95
Kokuhaku no Jikan+,7.15
Bishoujo Senshi  (Sailor Moon),8.2
Decoration Disorder Disconnection,7.9
Senyuu. 2,7.41
Mashle (Mashle: Magic and Muscles),7.61
Yuuki Yuuna wa Yuusha de Aru: Washio Sumi no Shou 2 - Tamashii,7.79
Rokujou Hitoma no Majo Life (Witch Life in a Micro Room),7.46
InnocenceGhost in the Shell 2: Innocence,7.78
Tonnura-san,7.27
Senki Senki Momotama (Momo Tama),7.29
Qishi Huanxiang Ye (Knight Fantastic Night),7.28
Skip to LoaferSkip and Loafer,8.13
"Maid no Kishi-san (My Maid, Miss Kishi)",7.1
Ginga Eiyuu Densetsu GaidenLegend of the Galactic Heroes Gaiden,8.12
07-Ghost,7.19
Yahari Ore no Seishun Love Comedy wa Machigatteiru. Zoku OVAMy Teen Romantic Comedy SNAFU TOO! OVA,8.03
Watashi no Suki na Souma-Kun,6.98
Shingeki no Kyojin in the Dome: Heishi-tachi no HoshizoraAttack on Titan in the Dome: Soldiers' Starry Sky,7.19
Cuticle Tantei Inaba (Cuticle Detective Inaba),7.39
ef: A Tale of Memories. - Prologue,7.04
Ozu no Kakashi Tsukai,7.07
Semantic Error,8.05
"Sensei to, Watashi to, Hajimete.",6.93
Happy Birthday: Inochi Kagayaku TokiRe-Birthday,7.04
Hypnosis Mic: Before the Battle - The Dirty Dawg,7.97
Toriyama Akira ○-saku Gekijou (Akira Toriyama's Manga Theater),6.94
! (Full Metal Panic),7.78
Uchuu Densetsu Ulysses 31Ulysses 31,7.08
Tales of Symphonia: Toki no Kagayaki,7.48
K: Missing Kings,7.63
Koro-sensei Quest!Koro Sensei Quest!,7.03
Tenjoubito to Akutobito Saigo no Tatakai,7.08
Fate/Extra,7.1
Candy & Cigarettes (Candy and Cigarettes),7.36
Yonakano Reiji ni Harem wo!!,6.97
Shirobako: Kaminoyama Koukou Animation Doukoukai,6.96
Love Hina Final Selection,7.15
Aoki Ryuusei SPT LayznerBlue Comet SPT Layzner,6.95
Koukaku Kidoutai: Stand Alone Complex - Tachikoma na Hibi (TV)Ghost in the Shell: Stand Alone Complex: Tachikomatic Days,7.2
Air Gear SpecialAir Gear: Special Trick,7.27
Best of Best: Itou Junji Tanpenshuu (Venus in the Blind Spot),7.37
Overlord: Boukoku no Kyuuketsuki (Overlord: The Vampire Princess of the Lost Country),7.41
Quanzhi Gaoshou SpecialsThe King's Avatar (2018),8.13
Asu no Yoichi! (Samurai Harem: Asu no Yoichi),7.15
Love Stage!!,7.18
No Guns Life 2nd SeasonNo Guns Life Season 2,7.08
Geragera Boes MonogatariOx Tales,7.01
Uchuu no Kishi Tekkaman Blade OVA: Twin BloodTekkaman Blade: Twin Blood,6.93
Hataraku Saibou BlackCells at Work! CODE BLACK!,7.52
Shadows House 2nd Season,8.0
Kimi ga Suki Plus,7.11
Tottemo Kawaii Watashi to Tsukiatte yo!,7.48
Area D: Inou Ryouiki,7.12
Junjou Romantica dj - Junjou Junai ParaBook,7.02
Josou Shounen Anthology Comic,7.22
Yumi's Cells,7.88
Gakuen BabysittersSchool Babysitters,7.9
Kekkai Sensen (Blood Blockade Battlefront),7.73
Ansatsu Kyoushitsu: Kagaijugyou-henAssassination Classroom: Extracurricular Lesson,7.66
Tokyo Magnitude 8.0 Recap,7.06
BlazBlue Official Comics,7.02
Wan Sheng Jie 4All Saints Street 4,7.55
Amanchu!,7.78
Patchwork,7.1
Gabriel DropOut,7.72
Tanoshii Muumin Ikka Bouken Nikki,7.46
Code Geass: Fukkatsu no LelouchCode Geass: Lelouch of the Re;surrection,7.91
Omoide PoroporoOnly Yesterday,7.44
Ousama RankingRanking of Kings,8.52
Hoshi wo Tsugu Mono,7.28
Chuusotsu Worker kara Hajimeru Koukou Seikatsu,7.07
Tsukiyo-Zoushi,7.08
Mahou no Iroha!,7.01
"Maou Gakuin no Futekigousha: Shijou Saikyou no Maou no Shiso, Tensei shite Shison-tachi no Gakkou e KayouThe Misfit of Demon King Academy",7.37
"Hentai Ouji to Warawanai Neko.The ""Hentai"" Prince and the Stony Cat.",7.15
Seven Days (Seven Days: Monday–Sunday),8.12
Seifuku de Vanilla Kiss,7.02
Bishoujo Senshi Sailor Moon CrystalPretty Guardian Sailor Moon Crystal,7.11
Ensemble Stars!! Road to Show!!,7.13
Utakata ni Warau,7.06
JoJo no Kimyou na Bouken Part 4: Diamond wa KudakenaiJoJo's Bizarre Adventure: Diamond is Unbreakable,8.5
Kurogane,7.43
One Piece: Strong World,8.08
Shirahimeshou (Shirahime-Syo: Snow Goddess Tales),7.25
Epilogue,6.94
Murenase! Seton Gakuen: Animal Academy,6.96
Game-bu,7.51
Amagi Brilliant Park: Nonbirishiteiru Hima ga Nai!Amagi Brilliant Park: No Time to Take It Easy!,7.21
Selector Spread WIXOSS,7.35
Wu Dong Qian Kun,7.33
Renou XueyuanElf Academy,7.14
Lock On!,7.26
Aa! Megami-sama! (2011)Ah! My Goddess: Together Forever,7.33
Sweet II - Embrace Me Until I Break,7.2
Saint☆OniisanSaint☆Young Men,7.47
Persona 4 The Magician,7.27
Death Note: Tokubetsu-hen,7.0
Kao dake ja Suki ni Narimasen (It Takes More than a Pretty Face to Fall in Love),7.28
JoJo no Kimyou na Bouken (TV)JoJo's Bizarre Adventure (2012),7.88
Detroit Metal City,8.1
Lupin III: $1 Money WarsLupin III: Missed by a Dollar,7.1
Tensura Nikki: Tensei shitara Slime Datta KenThe Slime Diaries,7.59
The Silvery Crow,7.04
Glass no Kamen (2005)Glass Mask,8.04
Milk Crown H!,7.37
Mikakunin de Shinkoukei: Mite. Are ga Watashitachi no Tomatteiru Ryokan yo.,7.05
The Book: JoJo's Bizarre Adventure 4th Another Day,7.55
Tiger Mask W,6.92
Tsubasa: ShunraikiTsubasa RESERVoir CHRoNiCLE: Spring Thunder Chronicle,8.09
Higurashi no Naku Koro ni Kai: Matsuribayashi-hen (Higurashi WHEN THEY CRY: Festival Accompanying Arc),8.2
Saenai Ryman to Yankee Joshikousei (Dull Businessman and Naughty High School Girl),6.95
Hikikomari Kyuuketsuki no Monmon (The Vexations of a Shut-in Vampire Princess),7.29
Shumari,7.82
Space China Dress,6.97
Dororo to HyakkimaruDororo,7.24
Amanchu!,7.24
Digimon Adventure tri. 4: SoushitsuDigimon Adventure tri. Loss,7.27
Pokémon DP: Pocket Monsters Diamond Pearl Monogatari (Pokémon Diamond and Pearl Adventures!),7.29
Date Masamune,7.15
Superior Cross,7.7
Medaka Box,7.02
Oniisama e...Dear Brother,7.85
Bannou Kanteishi Q no Jikenbo,7.18
IGPX: Immortal Grand Prix (2005)IGPX: Immortal Grand Prix,7.07
Nasu: Suitcase no WataridoriNasu: A Migratory Bird with Suitcase,7.07
Kabe no Naka no Tenshi,7.67
Great Mazinger,7.07
Hameln no Violin-hiki: Shchelkunchik,7.04
Jungle wa Itsumo Hare nochi Guu DeluxeHaré+Guu Deluxe,7.78
Yuusha-Ou GaoGaiGar FinalGaoGaiGar Final,8.08
Pokemon (2019): Harukanaru Aoi Sora,7.24
Digimon Adventure 02,7.23
Hinata no AoshigureSonny Boy & Dewdrop Girl,6.88
Saint Seiya: Shinku no Shounen DensetsuSaint Seiya: Legend of Crimson Youth,7.21
Ballroom e YoukosoWelcome to the Ballroom,8.18
Tales of Eternia,7.37
I Don't Want This Kind of Hero,7.47
Butai Shoujo☆Kageki Revue Starlight: The Live #2 - Transition,7.05
"Rougo ni Sonaete Isekai de 8-manmai no Kinka wo Tamemasu (Saving 80,000 Gold in Another World for my Retirement)",7.43
Pale Cocoon,7.28
"Datte, Kimi ga Warau kara",7.63
One Piece: Nenmatsu Tokubetsu Kikaku! Mugiwara no Luffy Oyabun TorimonochouOne Piece: The Detective Memoirs of Chief Straw Hat Luffy,7.2
The Baengri Clan's Unwanted Granddaughter,7.51
Quanzhi FashiFull-Time Magister,7.18
Otona no Manner,7.03
Night of the Beasts,7.48
Saiyuuki Gaiden: Kouga no Shou,7.18
Shangri-La,7.04
Chainsaw Man,8.53
Rurouni Kenshin: Meiji Kenkaku Romantan - Seisou-henSamurai X: Reflection,7.97
Sekirei,7.54
I Love You yori Aishiteru,7.3
Bai She II: Qing She Jie QiWhite Snake 2: The Tribulation of the Green Snake,7.4
To LOVE-Ru Darkness 2nd OVA,7.52
Gokuto Jihen,7.2
"Natsu e no Tunnel, Sayonara no DeguchiThe Tunnel to Summer, the Exit of Goodbyes",7.87
Divine Melody,7.25
Tetsujin 28-gou (2004)Tetsujin 28,7.33
Kieta Hatsukoi (My Love Mix-Up!),8.35
Ling Long: Incarnation Final Chapter,7.03
Shuuen no Shiori,7.44
Ikenai Navigation,7.14
Kakkou no IinazukeA Couple of Cuckoos,6.91
Dinghai Fusheng LuDinghai Fusheng Records,6.89
Kara no Kyoukai Movie 5: Mujun RasenThe Garden of Sinners Chapter 5: Paradox Spiral,8.52
"Heroine? Seijo? Iie, All Works Maid desu (Hokori)! @comic (Heroine? Saint? No, I'm the ""Almighty Maid"" (Pride)!)",7.12
Akiba Meido SensouAkiba Maid War,7.62
Gorisen: Panic Mono de Massaki ni Shinu Type no Taiiku Kyoushi,7.26
Arslan Senki (TV)The Heroic Legend of Arslan,7.66
Meitantei Conan Movie 13: Shikkoku no ChaserDetective Conan Movie 13: The Raven Chaser,8.21
Paradise Kiss,7.86
Fate/stay night,7.55
Nobunaga no Chef,7.73
Persona 5 the Animation Specials,6.91
Park Hanhoo's Manager,7.67
Fate/strange Fake: Whispers of Dawn,8.23
Kowloon Generic Romance,7.7
Beck (BECK: Mongolian Chop Squad),8.69
King of Bandit Jing (Jing: King of Bandits - Twilight Tales),7.5
Renai nante Yurushimasen!,7.19
Knife Edge Girl,7.11
Maken no Daydreamer,7.03
Code Geass: Hangyaku no Lelouch - Kiseki no BirthdayCode Geass: Lelouch of the Rebellion - A Miraculous Birthday,6.82
Ginga: The Last Wars,7.06
Saint Seiya: Soul of Gold,7.06
Kare wa Hanazono de Yume wo Miru (Garden Dreams),7.03
Initial D Fourth Stage,8.16
Kidou Senshi Z Gundam I: Hoshi wo Tsugu MonoMobile Suit Zeta Gundam: A New Translation - Heir to the Stars,7.07
Watashi ni Tenshi ga Maiorita!WataTen! An Angel Flew Down to Me,7.28
Annarasumanara,8.27
Fushigi Yuugi: EikoudenMysterious Play: Eikoden,6.81
Kenkou Zenrakei Suiei-bu Umishou,7.12
Air in Summer,7.29
Sora Sora,7.08
Neko no Machi no Ko,7.1
Kamisama no Inai Nichiyoubi: KiokuSunday Without God: Memories,6.86
Chuugaku Onaji dakedo Shabetta Koto Nai Tomodachi,7.04
Nanbaka,7.33
All-Master Necromancer,7.11
Naruto: Shippuuden Movie 2 - KizunaNaruto Shippuden the Movie 2: Bonds,7.28
Tonari no Kaibutsu-kunMy Little Monster,7.47
Karakai Jouzu no Takagi-san: Water SlideTeasing Master Takagi-san: Water Slide,7.52
Meitantei Conan OVA 11: London kara no Maru Hi ShireiDetective Conan OVA 11: A Secret Order from London,7.4
"Mushoku Tensei II: Isekai Ittara Honki Dasu - Shugo Jutsushi FitzMushoku Tensei: Jobless Reincarnation 2nd Season - Episode 0 ""Guardian Fitz""",7.51
Yokohama Kaidashi Kikou,7.41
Boku no Hero Academia the Movie 3: World Heroes' MissionMy Hero Academia: World Heroes' Mission,7.58
Nyanko Days,7.0
Ro-Kyu-Bu!: Tomoka no Ichigo Sundae,6.93
Bokura wa Minna Kawai-souThe Kawai Complex Guide to Manors and Hostel Behavior,7.66
Meitantei Conan Movie 05: Tengoku e no CountdownCase Closed Movie 05: Countdown to Heaven,8.12
Long Zu Episode 0Dragon Raja,7.13
Heart to Give (Give to the Heart),7.08
Tezuka Osamu no Buddha: Owarinaki TabiBuddha 2: The Endless Journey,6.9
Mushoku Tensei II: Isekai Ittara Honki DasuMushoku Tensei: Jobless Reincarnation Season 2,8.3
Kyuuketsuki Marguerite to Kuenai Gokinjo (Vampire Marguerite and Inedible Neighbor),7.06
"Da Wang Rao MingSpare Me, Great Lord!",7.51
Itazura na KissItaKiss,7.42
Yuzuki-san Chi no Yonkyoudai.,7.56
Kingdom Hearts: Chain of Memories,7.44
Binan Koukou Chikyuu Bouei-bu LOVE! LOVE! LOVE!Cute High Earth Defense Club LOVE! LOVE! LOVE!,6.81
Wu Shang Shen Di,7.14
Brother Auto Spot,7.43
Shokugeki no Souma: Shin no SaraFood Wars! The Fourth Plate,7.74
Zhen Wu DianfengThe Peak of True Martial Arts,6.82
Tokyo Revengers: Seiya Kessen-henTokyo Revengers: Christmas Showdown,7.68
Durarara!!x2 Ten: Onoroke ChakapokoDurarara!!x2 Ten Episode 13.5,7.52
Iya na Kao sare nagara Opantsu Misete Moraitai: Yo wa Pantsu ga Mitai zo,7.49
Senyuu.: Main Quest Dai-2 Shou,7.34
Bloody†Mary (Bloody Mary),7.64
Gungrave,7.82
Kakkou no Iinazuke,7.1
Quanzhi Fashi VI,7.04
Ore wo Suki nano wa Omae dake ka yo,6.94
Yankee-kun na Yamada-kun to Megane-chan to Majo,7.0
Yojouhan Shinwa TaikeiThe Tatami Galaxy,8.56
Zero no Tsukaima: Princesses no Rondo Picture DramaThe Familiar of Zero: Rondo of Princesses Picture Drama,6.91
Switch Girl!!,7.45
Ao no Fuuin (Blue Seal),7.09
Devil May Cry 3,7.11
Juushin LigerBio Armor Ryger,7.17
Mimi wo Sumaseba: Shiawase na Jikan (Whisper of the Heart: Happy Time),7.07
Yotteke! Otoko Mura,6.92
Getsuyoubi no Tomodachi,7.4
Fullmetal Alchemist: The Sacred Star of Milos SpecialsFullmetal Alchemist: The Sacred Star of Milos PV,6.83
Mahoraba: Heartful days,7.29
Kono Sekai no Tanoshimikata: Secret Story Film,7.38
Kataomoi no Mukougawa,7.35
Ashita no JoeTomorrow's Joe,8.3
Ling QiSpiritpact,7.19
Soukou Kihei Votoms: Kakuyaku taru ItanArmored Trooper Votoms: Brilliantly Shining Heresy,6.87
Darling in the FranXX,7.2
Lupin III: Fuuma Ichizoku no InbouLupin III: The Fuma Conspiracy,7.28
.hack//Tasogare no Udewa Densetsu (.hack//Legend of the Twilight),7.04
Servamp Specials,6.91
Touhou Ibara Kasen: Wild and Horned Hermit.,8.27
Shikabane Hime (Corpse Princess),7.25
Mimi wo SumasebaWhisper of the Heart,8.22
Fate/kaleid liner Prisma☆Illya 2wei! SpecialsFate/Kaleid Liner Prisma Illya 2Wei! Shorts,6.81
Sakurada ResetSagrada Reset,7.34
Fanren Xiu Xian Chuan 2nd SeasonA Record of a Mortal's Journey to Immortality Season 2,7.54
Shirobako Movie,7.67
Ro-Kyu-Bu! SS,7.02
Boku wa Tomodachi ga SukunaiHaganai: I don't have many friends,7.15
Corpse Party: Book of Shadows,7.07
The Greatest Wolf of My Life,6.95
11-nin Iru! (They Were 11!),7.18
InuyashikiInuyashiki: Last Hero,7.64
"Tokyo Ghoul: ""Pinto""Tokyo Ghoul: Pinto",7.2
Keyman: The Hand of Judgement,7.5
The Dark Mage's Return to Enlistment,6.92
Dragon Ball Z Movie 13: Ryuuken Bakuhatsu!! Gokuu ga Yaraneba Dare ga YaruDragon Ball Z: Wrath of the Dragon,7.35
Seiken Densetsu: Legend of Mana,6.91
Shurayuki-hime: Fukkatsu no Shou,7.26
Haikyuu!! (OVA),7.82
Mitsubachi Hakushaku to Hana no Dress,7.17
Boku wa Tomodachi ga Sukunai NextHaganai: I don't have many friends NEXT,7.28
Gintama: The FinalGintama: The Very Final,9.04
Kare ga Kanojo wo Tsukuranai Riyuu (Why He Doesn't Have a Girlfriend),7.0
IS: Infinite Stratos - Koushiki Anthology Comic (Infinite Stratos: Official Anthology Comic),6.93
Rokudenashi Blues (Good-For-Nothing Blues),7.71
Blue Seed,7.0
Tennis no Oujisama Movie 2: Eikokushiki Teikyuu Shiro Kessen!,7.42
Bokutachi wa Benkyou ga Dekinai!We Never Learn!: BOKUBEN Season 2,7.34
Kyoushoku Soukou Guyver (1989)The Guyver: Bio-Booster Armor,7.09
Clockwork Planet,7.33
"Clannad: Mou Hitotsu no Sekai, Tomoyo-henClannad: Another World, Tomoyo Chapter",7.93
Kyattou Ninden TeyandeeSamurai Pizza Cats,7.07
Koi wa Ameagari no You ni (After the Rain),7.77
Dungeon ni Deai wo Motomeru no wa Machigatteiru Darou ka Movie: Orion no YaIs It Wrong to Try to Pick Up Girls in a Dungeon?: Arrow of the Orion,7.44
Yume-iro Pâtissière SP Professional,7.58
Satsuriku no TenshiAngels of Death,6.96
The Sky Crawlers,7.27
Jie YaoAntidote,7.06
Random Chat,7.22
Akuma no Riddle,6.97
Mushibugyou,7.01
Blood: the Last Vampire: Kemonotachi no Yoru (Blood: the Last Vampire: Night of the Beasts),6.96
Inazuma Eleven Go,6.99
Air Gear: Kuro no Hane to Nemuri no Mori - Break on the Sky,7.57
D4DJ Double Mix,7.28
"Kono S wo, Mi yo! - Cupid no Itazura",7.03
Majutsushi OrphenOrphen,7.09
Mei to Koneko BusMei and the Baby Cat Bus,7.28
Karakuri Zoushi Ayatsuri Sakon,7.36
Mardock Scramble: The Second Combustion,7.32
Overlord III,7.92
Rainbow: Nisha Rokubou no ShichininRainbow,8.47
Hammer Session! in High School,7.05
Kenrou Densetsu (Kerberos Panzer Cop),7.06
City Hunter: Bay City Wars,7.34
Mahou Shoujo Madoka★MagicaPuella Magi Madoka Magica,8.36
Utawarerumono,7.62
Mamono-tachi wa Katazukerarenai,7.17
Shoubushi Densetsu Tetsuya,7.52
Nijiiro Hotaru: Eien no NatsuyasumiRainbow Fireflies,6.97
Vampire Knight Guilty,7.09
Himawari,7.06
Shiki Tsukai,6.92
Mai Mai Shinko to Sennen no MahouMai-Mai Miracle,7.2
Shinmai Maou no Testament: Toujou Basara no Hard Sweet na NichijouThe Testament of Sister New Devil OVA,6.91
So I Married the Anti-Fan,7.06
The Doctor Is Out,6.98
Madan no Ou to Vanadis (Lord Marksman and Vanadis),7.34
"Wake Up, Girls!",7.02
11-nin Iru!They Were Eleven,7.02
Hakuouki Movie 1: Kyoto RanbuHakuoki ~Demon of the Fleeting Blossom~ Wild Dance of Kyoto,7.6
Slayers Evolution-R,7.38
"Omoi, Omoware, Furi, FurareLove Me, Love Me Not",7.26
Keishichou Tokuhanka 007,8.15
Toe Shoes,7.35
Venus Capriccio,7.59
Pumpkin Scissors,7.16
Kapon (>_<)!,7.12
Aku no HanaFlowers of Evil,7.14
High School DxD Hero,7.24
Tari Tari,7.39
Fight Class 3,7.19
Full Metal Panic! Tanpenshuu (Full Metal Panic! Short Stories),7.49
Kao Ni La Zhanshen XitongWar God System! I'm Counting On You!,7.24
Yubisaki Milk Tea,7.08
Shujinkou Nikki,7.8
Order wa Boku de Yoroshii desu ka?,6.93
Negima!?Negima!? Magister Negi Magi,6.94
Dash! Yonkurou,6.96
Oishii Study (Delicious Study),7.06
Break Blade Movie 2: Ketsubetsu no MichiBroken Blade 2,7.71
Crayon Shin-chan Movie 26: Bakumori! Kung Fu Boys - Ramen Tairan,6.86
"Chuunibyou demo Koi ga Shitai! Ren SpecialsLove, Chunibyo & Other Delusions: Heart Throb Specials",7.13
Piano no Mori (TV)Forest of Piano,7.31
Monochrome Factor,6.94
Mother's Contract Marriage,7.82
Santairiku Eiyuuki,7.04
Shin Angyo OnshiBlade of the Phantom Master,6.84
Ninja Hattori-kun,6.94
Watashi ni Tenshi ga Maiorita! Precious FriendsWataTen! An Angel Flew Down to Me: Precious Friends,7.53
Kirai,7.18
Tales of Zestiria the Cross 2nd SeasonTales of Zestiria the X Season 2,7.3
Ninpuu Kamui Gaiden,7.01
Shiki,7.94
Shinryaku!? Ika MusumeThe Squid Girl 2,7.47
Panda no Pom,6.95
Kidou Senshi Gundam Thunderbolt: December SkyMobile Suit Gundam Thunderbolt: December Sky,7.93
Onegai☆TwinsPlease Twins!,6.82
Zero (Zero - The Beginning of The Coffin),7.34
Hidan no Aria (Aria the Scarlet Ammo),7.79
Ore ga Heroine wo Tasukesugite Sekai ga Little Apocalypse!?,6.94
Special ASpecial A (S.A),7.5
Kaizoku to Ningyo (Pirate and Mermaid),7.39
Kimi ni shika Kikoenai:  (Calling You),7.64
Kirara no Hoshi,7.16
Yu☆Gi☆Oh! Movie: Chou Yuugou! Toki wo Koeta KizunaYu-Gi-Oh! 3D: Bonds Beyond Time,7.13
Gokujou Koibana: Perfect Love Stories Best 5,6.93
Jaku-Chara Tomozaki-kunBottom-Tier Character Tomozaki,7.12
Senkou no Night RaidNight Raid 1931,6.83
Otonari no Tenshi-sama ni Itsunomanika Dame Ningen ni Sareteita Ken (The Angel Next Door Spoils Me Rotten),7.94
Rozen Maiden: Ouvertüre,7.72
Kidou Senshi Gundam III: Meguriai Sora-henMobile Suit Gundam III: Encounters in Space,7.74
Working!!Wagnaria!!,7.65
Junjou Romantica OVA,7.69
Angelic Layer,7.12
Kokoro Connect: Michi RandomKokoro Connect OVA,7.92
Kantan na Monitor desu,7.19
I'll Save This Damned Family!,7.26
Spider-Man: Itsuwari no Aka (Spider-Man: Fake Red),7.45
JoJo no Kimyou na Bouken Part 6: Stone OceanJoJo's Bizarre Adventure: Stone Ocean,8.15
Kidou Senshi Gundam: Cucuruz Doan no ShimaMobile Suit Gundam: Cucuruz Doan's Island,7.35
Choppiri Toshiue demo Kanojo ni Shite Kuremasu ka? (Are You Okay With a Slightly Older Girlfriend?),6.95
New Initial D Movie: Battle Digest,7.38
Kisses x Kiss x Kisses,7.22
Sword Art Online: Alicization - Recollection,6.81
Return of the War God,7.23
Nichijou: Nichijou no 0-waMy Ordinary Life Episode 0,7.4
Paniponi Dash!,7.43
Tenchi Muyou! RyououkiTenchi Muyo! Ryo-Ohki,7.61
Berserk: Ougon Jidai-hen III - KourinBerserk: The Golden Age Arc III - The Advent,8.2
Asahina Wakaba to ○○ na Kareshi (Asahina Wakaba & Her Chubby-Chubby Boyfriend),7.5
Mahou Sensei Negima!: Mou Hitotsu no Sekai,7.55
Giant Gorg,7.22
Coffee Moon,7.09
Ixion Saga DT,7.14
Uzaki-chan wa Asobitai!Uzaki-chan Wants to Hang Out!,6.99
Asumi Kakeru (Martial Master Asumi),7.01
Koishita node Cast shitemita (I Fell in Love So I'm Streaming It),7.07
Maou Sounanchuu!!! Yukai na Nakama-tachi wo Soete,7.15
Nerima Daikon Brothers,7.27
Online Game Nakama to Sashi Off shitara Shokuba no Oni Joushi ga Kita (Turns Out My Online Friend is My Real-Life Boss!),7.58
Love Wan!,7.0
Kuroko no Basket 3rd Season NG-shuu,7.67
Juubee-chan 2: Siberia Yagyuu no GyakushuuJubei-chan 2: The Counterattack of Siberia Yagyu,6.87
Yowamushi Pedal: Spare Bike,7.46
Risou no Himo Seikatsu (The Ideal Sponger Life),7.36
Koi Kaze,7.02
Tribe Cool Crew,6.92
Saihate no Paladin (The Faraway Paladin),7.81
Asoko de Hataraku Musubu-san,7.01
Offside (TV),7.13
"Ore to Hero to Mahou Shoujo (I, Superhero and Magical Girl)",6.99
Doors of Chaos,7.23
Dosanko Gal wa Namara Menkoi (Hokkaido Gals Are Super Adorable!),7.07
Futatsu no SpicaTwin Spica,7.37
Itou Junji Kenkyuu: Horror no Shinen kara,7.51
Witchblade,7.21
Yume-iro Pâtissière: Mune Kyun Tropical Island!,7.13
Doom Breaker,7.79
Tantei Opera Milky Holmes Dai 2 MakuDetective Opera Milky Holmes 2,7.2
Dragon Ball Z,8.17
Kyouryuu Boukenki Jura Tripper,7.22
Release the Spyce,6.94
New Dominion Tank Police,6.89
"Koi toka, Kiss toka, Karada toka.",7.18
Colorful (Movie)Colorful: The Motion Picture,7.75
Umineko no Naku Koro ni - Episode 4: Alliance of the Golden Witch (Umineko WHEN THEY CRY Episode 4: Alliance of the Golden Witch),8.28
Kankei wa Mada Lv.1 (The First Stage of Love),7.13
Ore wo Suki nano wa Omae dake ka yoORESUKI Are you the only one who loves me?,7.31
Ao Haru Ride,8.14
Yukionna Gensou: Michiyuki-hen,6.92
Zutto Mae kara Suki deshita. Kokuhaku Jikkou Iinkai: Kinyoubi no OhayouI've Always Liked You: A Friday's Good Morning,7.16
Parallel Lines,7.08
Hanazakari de Koi Shiteru,6.95
Zhengjing Shao Zhu de Xingfu ShenghuoThe Little Master's Better Life,6.87
Tetsudou Shoujo Manga (Maiden Railways),6.98
Sakura Quest,7.39
High School DxD Specials,7.27
"Final Fantasy Reishiki Gaiden: Hyouken no Shinigami (Final Fantasy Type-0 Side Story, The Ice Reaper)",7.26
Minami-ke Tadaima,7.65
Seijo no Maryoku wa Bannou desu (The Saint's Magic Power Is Omnipotent),7.3
Sketchbook: Full Color'sSketchbook ~full color's~,7.39
Kuroshitsuji IIBlack Butler II,7.14
Wanitokagegisu,7.25
Xian Wu Chuan 2Legend of Xianwu 2nd Season,6.91
Nagasarete Airantou,7.22
Kami to Yobareta Kyuuketsuki,7.17
"Ano Ko no, Toriko.",7.13
Shouwa Otome Otogibanashi,7.25
Barakamon,8.44
Hoshikuzu TelepathStardust Telepath,7.22
Ike! Ina-chuu Takkyuu-buThe Ping-Pong Club,7.51
Isekai Quartet,7.38
Isekai Quartet 2,7.36
Vassalord.,8.04
Uchi no Kaisha no Chiisai Senpai no HanashiMy Tiny Senpai,6.91
Clover no Kuni no Alice: Kishi no Kokoroe (Alice in the Country of Clover: Knight's Knowledge),7.02
Uchuu Kenetsukan (Cosmic Censorship),6.98
Haikyuu!! Tokushuu! Haru-kou Volley ni Kaketa SeishunHaikyuu!! Special Feature! The Spring Tournament of Their Youth,7.53
Ubau Mono Ubawareru Mono (Bereave or Bereaved),7.29
TRPG Player ga Isekai Saikyou Build wo Mezasu: Henderson-shi no Fukuin wo (Min-Maxing My TRPG Build in Another World: Preach the Good Word of Mr. Henderson),7.37
Love Hina Again,7.21
Romeo no Aoi SoraRomeo and the Black Brothers,8.33
Minami no Jewel (Minami's Jewel),7.02
Honey Lemon Soda,7.67
Canaan,7.22
16bit Sensation: Another Layer,6.96
Koi Neko,7.08
Buddy Go!,7.6
Bakuman. 2nd SeasonBakuman. Season 2,8.34
Himitsu no Juliet (Juliet's Secret),7.03
Uchuu Senkan Yamato 2Star Blazers: The Comet Empire,7.46
Gintama: Nanigoto mo Saisho ga Kanjin nanode Tashou Senobisuru Kurai ga ChoudoyoiGintama: Jump Festa 2005 Special,8.08
Wo Shi Da Shenxian 2nd SeasonDa Shen Xian,6.81
The Great Catsby,7.05
Mushikaburi-hime (Bibliophile Princess),7.1
Mahoromatic Summer Special,7.08
Shin Kozure Ookami: Lone Wolf (New Lone Wolf & Cub),7.4
Kaze ga Tsuyoku FuiteiruRun with the Wind,8.39
Asa Chun!,6.98
Time Killers (Time Killers: Kazue Kato Short Story Collection),7.4
Vitamin,7.64
Di Gi Charat Theater: Dejiko's Summer Vacation,6.99
Absolute Witch,7.68
Slayers Evolution-R,7.38
Zhu XianJade Dynasty,7.34
Stand Up!!!!,7.21
Kaichou-san Chi no Koneko,7.03
A Small World,7.22
Kanojo no Idea,7.29
Mirai Shounen ConanFuture Boy Conan,8.11
High School DxD: Akuma no Oshigoto,7.27
Mushoku Tensei: Isekai Ittara Honki Dasu Part 2Mushoku Tensei: Jobless Reincarnation Part 2,8.68
"Watashi ga Motenai no wa Dou Kangaetemo Omaera ga Warui!WataMote: No Matter How I Look At It, It's You Guys' Fault I'm Not Popular!",6.99
Maou na Ore to Ghoul no Yubiwa,7.04
Xian Wang de Richang ShenghuoThe Daily Life of the Immortal King,7.33
Higashi no Eden: Air CommunicationEden of The East Compilation: Air Communication; Higashi no Eden Recap,7.56
Tsurune Movie: Hajimari no IsshaTsurune the Movie: The First Shot,7.37
Sakura no Himegoto (The Secret Sakura Shares),6.92
Underground Kids: Gakuen Onmitsu Torimono,7.17
Release the Spyce,6.94
Starmyu 2nd SeasonSTARMYU Season 2,7.28
Hoshi no KirbyKirby: Right Back at Ya!,6.9
Kimi no Sekai ni Koi wa Nai (Is Love the Answer?),7.77
Tu Bian Ying Xiong LeafTo Be Heroine,6.99
Yuri Mekuru Hibi,6.92
Mochizuki-san Chi no Yankee,7.29
Urusei Yatsura (2022)Urusei Yatsura,7.41
Popee the PerformerPopee the Clown,7.23
Blend SBLEND-S,7.26
Boukensha ni Naritai to Miyako ni Deteitta Musume ga S-Rank ni Natteta (My Daughter Left the Nest and Returned an S-Rank Adventurer),7.3
Black Clover: Abareushi no Sho,7.41
Zettai Karen ChildrenPsychic Squad,7.29
Isekai OjisanUncle from Another World,7.81
Itou Junji Kyoufu Manga Collection: Souichi no Noroi Nikki,7.38
Need a Girl!,7.1
Kidou Senshi Gundam: The OriginMobile Suit Gundam: The Origin,8.33
Nazo no Kanojo X (Mysterious Girlfriend X),7.76
Super Secret,7.84
Kingdom Hearts II,7.78
Bishoujo Senshi Sailor Moon Eternal Movie 1Pretty Guardian Sailor Moon Eternal The Movie Part 1,7.55
Puchimas!: Petit iDOLM@STERPUCHIM@S,7.12
Erementar Gerad (Elemental Gelade),7.47
Gintama: Shinyaku Benizakura-hen,8.28
Kimi ni Todoke 2nd SeasonKimi ni Todoke: From Me to You Season 2,7.98
Himitsu no Ai-chan,7.64
Gravitation: Voice of Temptation,7.29
Golden Kamuy,8.64
Kiss shitai Otoko,7.3
City Hunter: Kinkyuu Namachuukei!? Kyouakuhan Saeba Ryou no Saigo,7.36
Hakuouki: Hekketsuroku - Kyoto Kaisouroku,7.11
Chihayafuru: Chuugakusei-hen,7.36
5-toubun no HanayomeThe Quintessential Quintuplets,7.65
Eden: It's an Endless World!,8.24
Junjou Drop,7.45
Dr. Stone: New World Part 2,8.36
Prison School,7.6
"Re:Zero kara Hajimeru Isekai Seikatsu: Dai-3 Shou - Truth of Zero (Re:ZERO -Starting Life in Another World-, Chapter 3: Truth of Zero)",8.11
Yomigaeru Sora: Rescue Wings - Saigo no Shigoto,6.85
Mahou Shoujo Madoka★Magica: Concept MoviePuella Magi Madoka Magica Concept Movie,7.14
Yume ga Sameru madeBefore You Wake Up,6.88
Minky Momo in Yume ni Kakeru HashiMinky Momo in the Bridge Over Dreams,7.05
Boku wa Sakana.,7.01
Kanata kara (From Far Away),8.34
Dragon Ball Kai (2014)Dragon Ball Z Kai: The Final Chapters,7.69
Tales of Berseria,7.2
Tenchi Muyou! Manatsu no EveTenchi the Movie 2: Daughter of Darkness,7.1
Gomashio to Pudding (Black Sesame Salt and Custard Pudding),7.9
: Märchen☆Prince (MeruPuri),8.01
Petshop of Horrors,8.25
One Piece Film: Gold Episode 0 - 711 ver.,7.2
Aikatsu! 10th Story: Mirai e no Starway,6.94
Disciple of the Holy Sword,6.95
Mizuiro Jidai (Aqua Age),7.2
Yu☆Gi☆Oh!,7.23
JoJo no Kimyou na Bouken Part 5: Ougon no KazeJoJo's Bizarre Adventure: Golden Wind,8.58
"Gaikotsu Kishi-sama, Tadaima Isekai e Odekakechuu (Skeleton Knight in Another World)",7.11
Slayers Excellent,7.3
Towa no Quon 6: Towa no QuonTowanoquon: Eternal Quon,7.57
Gal Yome no Himitsu,7.04
Digimon X-Evolution,7.06
Monster Hunter Orage,7.06
FLCL,7.74
Bu Tian Ge (Song of the Sky Pacers),7.19
Girl Queen (Little Queen),7.2
Dragon Ball Movie 4: Saikyou e no MichiDragon Ball: The Path to Power,7.13
Doctor's Rebirth,7.22
Summertime RenderSummer Time Rendering,8.49
Seijo no Maryoku wa Bannou desu (The Saint's Magic Power Is Omnipotent),7.37
Zutto Mae kara Suki deshita. Kokuhaku Jikkou Iinkai: Kinyoubi no OhayouI've Always Liked You: A Friday's Good Morning,7.16
Batuque,7.43
Mobuko no Koi (A Side Character's Love Story),7.39
Jungle Taitei (1989),6.83
Hanhua RijiGod Troubles Me,7.24
Change!! Getter Robo: Sekai Saigo no HiGetter Robo: Armageddon,7.74
The Sword of Emperor,7.26
Deep Love: Host,7.62
Dagashi Kashi 2,6.83
Nononono,7.31
Kidou Senshi Gundam IMobile Suit Gundam I,7.24
Colorful Line,7.13
Aa toka Uu shika Ienai,7.21
Digimon Adventure: Last Evolution Kizuna,8.17
PokemonPokémon,7.38
Ben-To,7.22
Toaru Kagaku no RailgunA Certain Scientific Railgun,7.66
Mo Dao Zu Shi: Xian Yun PianThe Founder of Diabolism Season 2,8.37
"Haru Tsuzuru, Sakura Saku Kono Heya de (Composing Spring in This Room Where Cherry Blossoms Bloom)",7.35
To LOVE-Ru: Rito to Sayaka no Houkago,7.11
Touko-san wa Kaji ga Dekinai.,6.93
K,7.1
Shine Post,7.52
Tai Sekaiyou Mahou Shoujo Tsubame (Magical Girl Tsubame: I Will (Not) Save the World!),6.91
Mirai Delivery: Chiisana Asimov to Midori no Wasuremono (Hatsune Miku: Future Delivery - Little Asimov and the Green Thing Left Behind),6.92
Akuma ni Itsukushimi no Te wo,7.44
Ojamajo Doremi Sharp Movie,7.17
Hoshifuru Oukoku no Nina (Nina the Starry Bride),7.55
Tears to Tiara,7.15
Durarara!! Specials,7.85
Heart no Kuni no Alice: My Fanatic Rabbit (Alice in the Country of Hearts: My Fanatic Rabbit),7.26
Shoujo☆Kageki Revue StarlightRevue Starlight,7.67
Kabukichou SherlockCase File nº221: Kabukicho,6.89
Hoozuki no Reitetsu 2nd Season: Sono NiHozuki's Coolheadedness 2: Part 2,7.85
King of Prism: Pride the Hero,6.85
Yi Nian Yong Heng: Chuan Cheng PianA Will Eternal 2nd Season,7.85
Heroine Tarumono! Kiraware Heroine to Naisho no OshigotoHeroines Run the Show: The Unpopular Girl and the Secret Task,7.28
Kobayashi-san Chi no Maid Dragon: Elma no OL Nikki (Miss Kobayashi's Dragon Maid: Elma's Office Lady Diary),7.41
Youjo Senki (The Saga of Tanya the Evil),8.43
Nagasarete Airantou,7.22
Kondo koso Shiawase ni Narimasu! (This Time I Will Find Happiness!),7.13
Fight no Akatsuki,7.27
Life,7.99
Ranma ½: Chou Musabetsu Kessen! Ranma Team vs. Densetsu no HououRanma ½: Team Ranma vs. The Legendary Phoenix,7.35
Rakudai Kishi no Cavalry (Chivalry of a Failed Knight),8.02
Kochira Katsushikaku Kameari Kouenmae Hashutsujo,7.78
Zero kara Hajimeru Mahou no Sho,7.59
Zoku Shishunki Miman Okotowari,6.92
Chronicles of the Cursed Sword,6.92
KuroshitsujiBlack Butler,7.66
Nodame Cantabile,8.26
Haruka na Machi e (A Distant Neighborhood),7.98
Rengoku ni Warau,7.86
Shiiku Hime (Mistress Princess),6.93
Otome wa Boku ni KoishiteruOtoboku: Maidens are Falling for Me!,7.03
Wortenia Senki (Record of Wortenia War),7.18
Ranma ½: Akumu! Shunmin Kou,7.49
Love Allergy,7.02
GetBackers,7.62
Suzuka,7.87
Hakozume: Kouban Joshi no GyakushuuPolice in a Pod,7.17
Aria,8.63
Starship Operators,7.03
Ranma ½: Tendou-ke no Oyobidenai Yatsura!,6.85
Wedding,7.13
Kimi ga Shinu made Koi wo Shitai (My Wish Is to Fall in Love Until You Die.),8.05
Tales of the Abyss: Tsuioku no Jade,7.37
Houkago Guitar,6.91
Uchi no Maid ga Uzasugiru!UzaMaid!,6.87
Da Yu Hai Tang (Movie)Big Fish & Begonia,7.47
γ,7.24
Bokkou,7.7
Beyblade Burst GodBeyblade Burst Evolution,7.04
Detroit Metal City,8.1
Utawarerumono,7.62
Kemurikusa (TV),7.09
One Piece Movie 01One Piece: The Movie,7.09
The Breaker,8.39
Nageku Shinigami,7.48
Liehuo Jiao ChouDrowning Sorrows in Raging Fire,7.09
Catulus Syndrome,7.56
Re:Zero kara Hajimeru Isekai Seikatsu - Hyouketsu no Kizuna - Manner MovieRe:ZERO -Starting Life in Another World- The Frozen Bond: Manner Movie,7.51
Acaria,6.91
Bakuten Shoot Beyblade G RevolutionBeyblade G Revolution,6.96
Vampire in the Garden,7.12
Dead Mount Death Play,7.55
Eikoku Koi Monogatari Emma: Molders-henEmma: A Victorian Romance Season Two,7.81
Isekai Nonbiri NoukaFarming Life in Another World,7.57
Ginga Tetsudou MonogatariThe Galaxy Railways,7.06
Yondome wa Iya na Shizokusei Majutsushi (The Death Mage),7.04
4 Cut Hero,7.94
Yabai Kimochi (Desire: Dangerous Feelings),7.06
"Isekai de Cheat Skill wo Te ni Shita Ore wa, Genjitsu Sekai wo mo Musou Suru: Level Up wa Jinsei wo Kaeta (I Got a Cheat Skill in Another World and Became Unrivaled in The Real World, Too)",7.09
"Kobayashi-san Chi no Maid Dragon: Valentine, Soshite Onsen! - Amari Kitai Shinaide KudasaiMiss Kobayashi's Dragon Maid: Valentine's, and Then Hot Springs! (Please Don't Get Your Hopes Up)",7.71
Area no KishiThe Knight in the Area,7.17
Kidou Senkan NadesicoMartian Successor Nadesico,7.49
Saiyuuki Reload: Burial,7.75
Strike the Blood IV,6.96
Asadora!,7.67
Sanda,6.93
Macademi Wasshoi!Magician's Academy,6.92
5-toubun no Hanayome MovieThe Quintessential Quintuplets Movie,7.86
Yuu Watase Best Selection,6.96
Punch!,7.27
G-senjou no Maou Comic Anthology (The Devil on G-String Comic Anthology),7.33
Kiddy Grade: Truth Dawn,7.05
Kokumin Quiz,7.34
City Hunter,8.15
Salad Days,7.66
Tsukihime: A Piece of Blue Glass Moon - Comic Anthology,7.35
Tasogare Otome x AmnesiaDusk Maiden of Amnesia,7.82
ShashinkanThe Portrait Studio,7.29
"Seija Musou: Salaryman, Isekai de Ikinokoru Tame ni Ayumu Michi (The Great Cleric: White-Collar Survival in Another World)",7.37
Shinryaku! Ika MusumeThe Squid Girl,7.41
Hitogoto desukara! (It's Personnel!),6.92
Hunter x Hunter Movie 1: Phantom RougeHunter x Hunter: Phantom Rouge,7.27
Ao no Exorcist: Kuro no IedeBlue Exorcist: Runaway Kuro,7.28
Nomi Joshi,7.08
Shakunetsu no Takkyuu MusumeScorching Ping Pong Girls,7.07
Hello Harinezumi,7.26
School Rumble,7.98
Hirogaru Sky! PrecureSoaring Sky! Pretty Cure,7.63
Danball Senki WLBX: Little Battlers eXperience Season 2,7.02
Level E,7.42
Ichigo 100%: Koi ga Hajimaru?! Satsuei Gasshuku - Yureru Kokoro ga Higashi e Nishi eStrawberry 100%: Love Begins?!,6.82
Fanren Xiu Xian Chuan: Xinghai Feichi Pian XuzhangA Record of Mortal's Journey to Immortality: Speeding in the Sea of Stars,7.58
Shuumatsu no Walküre IIRecord of Ragnarok II,7.51
Ibitsu,6.99
Koukaku no RegiosChrome Shelled Regios,7.27
"Kore wa Zombie desu ka? of the Dead: Hai, Minotake ni AttemasuIs This a Zombie? Of the Dead OVA",7.43
Girls & Panzer: Saishuushou Part 2 Specials,7.23
Jashin Average (Average of Evil Gods),7.39
"Kimi wa, Ore ga Suki da tte Ittara Donna Kao suru darou. (What if I said I love you.)",7.27
Yano-kun no Futsuu no Hibi (Mr. Yano's Ordinary Days),7.27
A-Channel: Nabe wo TabeyouA-Channel: Let's Eat Hot Pot,6.86
Karneval,7.0
"""Bungaku Shoujo"" Movie",7.33
Hitorijime My Hero,7.29
Koi ni Mudaguchi,7.06
Mairimashita! Iruma-kun (Welcome to Demon School! Iruma-kun),8.34
Joshikousei: Girls-High (High School Girls),7.49
Mushishi Zoku Shou: Suzu no Shizuku,8.59
Diamond no Ace (Ace of the Diamond),8.22
Jashin-chan DropkickDropkick On My Devil!,7.04
Hadashi no Aitsu,7.14
Hajimete wo Anata to,7.45
Kiichi VS,7.84
Boundless Ascension,7.03
"Koukyoushihen Eureka Seven: Pocket ga Niji de IppaiEureka Seven - good night, sleep tight, young lovers",7.13
Soredemo Sekai wa UtsukushiiThe World is Still Beautiful,7.6
Ling Jian Zun 3rd Season,7.03
Bakuretsu Hunters (Sorcerer Hunters),7.07
Ginzatoushi to Kuro no Yousei: Sugar Apple Fairy Tale,7.45
Yousei no Okyakusama (The Dressmaker and the Fairy),7.06
Higurashi no Naku Koro ni: Himatsubushi-hen (Higurashi WHEN THEY CRY: Time Killing Arc),7.86
Lip Smoke,7.05
Oda Nobuna no YabouThe Ambition of Oda Nobuna,7.37
Hannune Banhada! Season 2,7.17
Uchiha Sasuke no Sharingan Den (Naruto: Chibi Sasuke's Sharingan Legend),7.03
Kimagure Orange☆Road OVAKimagure Orange Road OVA,7.35
Made in Abyss: Retsujitsu no OugonkyouMade in Abyss: The Golden City of the Scorching Sun,8.64
Hitotsubana,6.93
Aharen-san wa Hakarenai,7.57
Tsuki no Okinimesu mama,7.39
Kill Me Baby: Butsuzou Kegatte Nise Halloween,6.96
Devilman,8.04
Fate/kaleid liner Prisma☆IllyaFate/Kaleid Liner Prisma Illya,7.02
Boku wa Mondai Arimasen,7.23
Tatsumi Yoshihiro Kessakusen,7.34
Watashi wa Shingo (My Name Is Shingo),7.21
Ashita wa Ieru ka na,6.94
Kingdom Hearts: Birth by Sleep,7.51
Kazemakase Tsukikage RanCarried by the Wind: Tsukikage Ran,7.22
Mangaka-san to Assistant-san to The Animation Specials,7.17
Nurarihyon no Mago OVA,7.7
Seiketsu no Haguruma,6.95
Canon,7.24
Monster,8.88
Isekai Maou to Shoukan Shoujo no Dorei MajutsuHow Not to Summon a Demon Lord,6.85
Shinpi no Sekai El-HazardEl Hazard: The Magnificent World,7.26
Ninja Hattori-kun,6.94
Dark Gathering,7.82
Kimi ni Koishite Ii desu ka. (May I be in love with you?),7.32
Haikara-san ga Tooru Movie 2: Hana no Tokyo Dai RomanHaikara-san: Here Comes Miss Modern Part 2,6.88
Manga de Wakaru! Fate/Grand Order (Learning with Manga! Fate/Grand Order),7.75
Sword Art☆Online.,7.49
8-gatsu no Soda-sui,6.91
Manga Sarutobi SasukeNinja the Wonder Boy,7.18
Inu wo Kau,7.3
Jigoku Sensei Nube: Gozen 0 Ji Nube Shisu!Hell Teacher Nube: 0 a.m. Nube Dead,6.81
Hybrid Child,7.52
BeckBeck: Mongolian Chop Squad,8.29
Replica,7.49
Yuusha ni Narenakatta Ore wa Shibushibu Shuushoku wo Ketsui Shimashita.,7.31
After War Gundam X,7.0
Aoi no Shima to Neko Ippiki,6.94
H2,7.22
"Naruto: Shiro no Douji, Keppu no Kijin (Naruto: Innocent Heart, Demonic Blood)",7.47
Magic Knight Rayearth II,7.51
Setsuna Yuki,7.11
Mushoku Tensei: Isekai Ittara Honki Dasu Part 2Mushoku Tensei: Jobless Reincarnation Part 2,8.68
Tetsuwan Birdy DecodeBirdy the Mighty: Decode,7.42
Zero no Tsukaima (Zero's Familiar),7.31
Tokyo Crazy Paradise,8.29
"Last Exile: Ginyoku no FamLast Exile: Fam, the Silver Wing",7.07
Getter Robo Go (Venger Robo),8.1
Demon 72,6.94
Cardcaptor Sakura Movie 2: Fuuin Sareta CardCardcaptor Sakura Movie 2: The Sealed Card,8.21
Owarimonogatari,8.45
Saiouji Kyoudai ni Komarasareru no mo Warukunai,7.05
Gintama Movie 2: Kanketsu-hen - Yorozuya yo Eien NareGintama: The Movie: The Final Chapter: Be Forever Yorozuya,8.91
Digimon SaversDigimon Data Squad,6.95
Ibara no Ou (King of Thorn),7.5
Dungeon MeshiDelicious in Dungeon,7.71
Aikatsu Friends!,7.23
Yuyushiki,7.35
: Kanojo wa Hantoumei (Translucent),7.22
Kirarin☆RevolutionKirarin Revolution,7.07
Code Geass: Hangyaku no Lelouch Koushiki Comic Anthology For Boys - Queen (Code Geass: Queen),7.08
MushramboShinzo,6.93
Shiki Specials,7.75
One Piece RecapOne Piece: Romance Dawn Story - Recapping the TV Series So Far,7.13
1 Pound no Fukuin (One Pound Gospel),7.15
Yukuyuku Futari,7.02
Honzuki no Gekokujou: Shisho ni Naru Tame ni wa Shudan wo Erandeiraremasen Dai 4-bu - Kizokuin no Toshokan wo Sukuitai!,7.55
Teito Seihai Kitan: Fate/type Redline,8.31
Clevatess: Majuu no Ou to Akago to Shikabane no Yuusha,7.14
Houkago Teibou NisshiDiary of Our Days at the Breakwater,7.43
Un-Go: Inga-ronUN-GO: Chapter of Inga,7.53
Cang Lan Jue Part 2Love Between Fairy and Devil Part 2,7.19
Ikoku Meiro no Croisée The AnimationCroisée in a Foreign Labyrinth The Animation,7.42
Baby Princess,6.99
"Shinseiki Evangelion Movie: Air/Magokoro wo, Kimi niNeon Genesis Evangelion: The End of Evangelion",8.55
Koori no Kiss de Toroketai,7.08
Non Non Biyori Repeat,8.18
Boy of the Female Wolf,7.35
Re:Zero kara Hajimeru Isekai Seikatsu - Memory Snow - Manner MovieRe:ZERO -Starting Life in Another World- Memory Snow: Manner Movie,7.5
My Unexpected Marriage,7.04
RDG: Red Data Girl,7.24
Heat Guy J: Toriko - AngelHeatGuy J: Angel,6.89
Haifuri,7.55
Maya-san no Yofukashi (The Night Owl Witch),7.08
H2O: Footprints in the Sand,6.99
Uchuu Senkan Yamato IIIStar Blazers: The Bolar Wars,7.03
Kinnikuman II-sei (Ultimate Muscle: The Kinnikuman Legacy),7.58
Gimme That Pacifier!,7.19
Bakuman.: Deraman.,7.17
Ayako,7.69
Sora no ManimaniAt The Mercy of The Sky,7.05
Dorabase: Doraemon Super Baseball Gaiden,7.82
Yozakura Quartet,7.55
Blood Alone,7.62
Accel World EX,7.09
Shirobako,8.28
Fukuyadou Honpo,7.68
Great Teacher Onizuka,8.69
Mememori-kun ni wa Kanawanai,7.06
Pokémon HGSS,6.97
Gintama: Dai Hanseikai,8.07
Tsubasa Chronicle 2nd SeasonTsubasa RESERVoir CHRoNiCLE Season Two,7.58
"Tantei wa Mou, Shindeiru. (The Detective Is Already Dead)",7.72
Thermae Romae,6.93
"4-gatsu no Kimi, Spica.",6.92
Doraemon Movie 24: Nobita to Fushigi Kaze TsukaiDoraemon the Movie: Nobita and the Windmasters,7.33
Pokemon Movie 13: Genei no Hasha ZoroarkPokémon: Zoroark: Master of Illusions,6.86
Saihate no Paladin: Tetsusabi no Yama no OuThe Faraway Paladin: The Lord of the Rust Mountains,7.43
Tonari no Seki-kun Specials,7.44
Shinryaku! Ika Musume SpecialsThe Squid Girl Specials,7.27
Fate/strange Fake,8.35
"Kiss, Zekkou, Kiss",7.28
MM!,7.03
Nousatsu Rock Shounen,7.57
Usavich III,7.06
Yari no Yuusha no Yarinaoshi (The Reprise of the Spear Hero),7.31
Caramel Milk Tea,7.15
Majo no Ie: Ellen no Nikki (The Witch's House: The Diary of Ellen),7.73
Yumemi na Psychic!,7.18
Quanzhi Fashi (Versatile Mage),7.06
Lycoris Recoil,8.18
How to Become a Dragon,7.13
Hibike! Euphonium Movie 1: Kitauji Koukou Suisougaku-bu e YoukosoSound! Euphonium the Movie: Welcome to the Kitauji High School Concert Band,7.57
Break BladeBroken Blade,7.25
Naruto: Shippuuden - Sunny Side BattleNaruto Shippuden: Sunny Side Battle,7.56
Boku no Hero Academia the Movie 1: Futari no Hero SpecialsMy Hero Academia: Two Heroes Specials,7.35
Chikyuugai Shounen ShoujoThe Orbital Children,6.83
Drifters (OVA)Drifters,7.53
Otome Game no Hametsu Flag shika Nai Akuyaku Reijou ni Tensei shiteshimatta...My Next Life as a Villainess: All Routes Lead to Doom!,7.46
Mushishi Gaitanshuu,6.97
Mother Keeper,7.23
Tamon-kun Ima Docchi!? (Tamon's B-Side),7.25
Rockman Gigamix (Mega Man Gigamix),7.94
Portrait,7.06
Dragon Ball Super: Broly - Skytree Super,7.22
7-jikanme no Note (Score of seventh class.),7.22
Crossroad,7.51
Baja no Studio,6.96
Yuru Camp△ SpecialsLaid-Back Camp Specials,7.56
Ganbare! KickersFight! Kickers,6.85
Kyoukai no Rinne 2nd SeasonRIN-NE Season 2,7.15
Ojamajo Doremi Na-i-sho,7.82
Saigo no Seifuku (The Last Uniform),6.94
Why Did Men Stop Wearing High Heels?,7.17
JoJo no Kimyou na Bouken Part 1: Phantom Blood (JoJo's Bizarre Adventure Part 1: Phantom Blood),7.29
Nande Ikiteru ka Wakaranai Hito Izumi Sumi 25-sai (She doesn't know why she lives.),7.71
Volcanic Age,7.22
Grappler Baki,6.81
Gundam: G no Reconguista Movie IV - Gekitou ni Sakebu AiGundam Reconguista in G IV: Love That Cries Out in Battle,7.08
City Hunter '91,7.74
Kishuku Gakkou no JulietBoarding School Juliet,7.45
Kino no Tabi: The Beautiful World - Tou no Kuni - Free LanceKino's Journey: Tower Country,7.56
Persona: Tsumi to Batsu,7.16
Karigurashi no ArriettyThe Secret World of Arrietty,7.89
Full House,7.3
Carole & Tuesday,7.86
s.CRY.eds-CRY-ed,7.36
Imouto sae Ireba Ii.A Sister's All You Need,7.27
Super Lovers 2,7.07
THE IDOLM@STER 2: Colorful Days,7.01
Ao ni Naku,7.34
Uchuu Kyoudai: Number ZeroSpace Brothers #0,7.57
Watashi no Musuko ga Isekai Tensei shitappoi Full Ver. (My Son Seems to Have Gone Reincarnated to Another World. Full Version),7.37
Uchi no Maou Kamimasen yo,7.41
Death Parade,8.15
Touhou Sangetsusei: Visionary Fairies in Shrine.,7.9
5-toubun no Hanayome ∬The Quintessential Quintuplets 2,8.06
Houseki no KuniLand of the Lustrous,8.39
Crayon Shin-chan Movie 04: Henderland no Daibouken,7.3
Fate/kaleid liner Prisma☆Illya 2wei!Fate/Kaleid Liner Prisma Illya 2Wei!,7.21
Himekei♥Doll,7.16
Hakuouki OVA,7.4
Captain HerlockSpace Pirate Captain Harlock,7.32
Lupin III: Twilight Gemini no Himitsu,6.91
Bubble,7.25
Pokemon: Pikachu no NatsuyasumiPokémon: Pikachu's Summer Vacation,6.81
Shingeki! Kyojin ChuugakkouAttack on Titan: Junior High,7.2
Con Con x Honey,6.91
Coo no Sekai (Coo's World),7.11
Moon You,7.6
Precure All Stars GoGo Dream Live!,6.85
Ensemble Stars!! Road to Show!!,7.13
Shinobi Yoru Koi wa Kusemono,7.24
Fairy Tail OVA (2016)Fairy Tail Series 2 OVA,7.22
Called Game,7.28
Glass no Kamen,7.34
Complex Age,7.2
Pink to Gray,7.25
Gintama°Gintama Season 4,9.06
Zassou-tachi yo Taishi wo Idake,7.17
The Makeup Remover,7.58
Higurashi no Naku Koro ni Kai - Dai 3-wa: Minagoroshi-hen,7.87
YoRHa: Shinjuwan Kouka Sakusen Kiroku (YoRHa: Pearl Harbor Descent Record),7.38
Gakkou no Sensei,7.25
Star Wars: Visions,7.1
Yoake Mae yori Ruriiro na: Crescent LoveBrighter Than the Dawning Blue,7.09
Shoujo Shuumatsu RyokouGirls' Last Tour,8.21
One Punch Man: Road to Hero,7.7
Maou Reijou kara Hajimaru Sangokushi: Touhakuden,7.1
The  (Bride of the Water God),7.66
Shiotaiou no Satou-san ga Ore ni dake Amai @comic,7.03
Love Live! School Idol Diary,7.49
Rurouni Kenshin RecapSamurai X Recap,7.17
Tsukimizuki Rikai no Tantei Satsujin,6.95
Sakamichi no ApollonKids on the Slope,8.3
Bakuman.,8.18
Sakura-hime Kaden (Sakura Hime: The Legend of Princess Sakura),7.4
Tian Guan Cifu ErHeaven Official's Blessing Season 2,8.76
Tensei shitara Slime Datta Ken Ibun: Makokugurashi no Trinity (That Time I Got Reincarnated as a Slime: Trinity in Tempest),7.45
Watashi no Oshi wa Akuyaku Reijou.: Revolution (I'm in Love with the Villainess),8.34
Berserk: Ougon Jidai-hen - Memorial EditionBerserk: The Golden Age Arc - Memorial Edition,7.88
Monogatari Series: Final Season,8.85
Gakuen Utopia Manabi Straight!,7.34
Hanayamata,7.32
Junai★Sensation,7.31
Suppli,7.41
Shokugeki no Souma: Gou no SaraFood Wars! The Fifth Plate,7.32
Sis Plus,7.08
Wu Geng Ji,7.21
Ryuu no Gakkou wa Yama no Ue,7.13
The Villainess Turns the Hourglass,7.82
"Kaette Kudasai! Akutsu-san (Please Go Home, Miss Akutsu!)",7.39
Kingdom 4th SeasonKingdom: Season 4,8.74
. (Furari),6.92
Sayonara no Jikan,6.95
"Youkai Watch Movie 1: Tanjou no Himitsu da Nyan!Yo-kai Watch the Movie: It's the Secret of Birth, Meow!",6.96
Aimai na Wolf (Kind of a Wolf),7.18
Senyuu. Specials,6.98
Engage Kiss,6.82
The Overpowered Newbie,7.07
Chiisana Hiroba,7.2
Dream Festival! R,6.83
Xu Ge Yuan Ba! Da Xi,7.26
Kare ni Irai Shite wa Ikemasen,7.06
GudetamaThe Lazy Egg,7.04
Ase to Sekken (Sweat and Soap),8.16
Maniwagatari,7.13
Grisaia no Meikyuu: Caprice no Mayu 0The Labyrinth of Grisaia: The Cocoon of Caprice 0,7.83
Diamond no AceAce of Diamond,8.11
Kimi ni Todoke: KataomoiKimi ni Todoke: From Me to You - Unrequited Love,7.17
"Gozen 0-ji, Kiss shi ni Kite yo (Kiss Me at the Stroke of Midnight)",7.57
Gantz:O,7.4
Da Li Si Rizhi 2nd SeasonWhite Cat Legend Season 2,7.24
Itou Junji Kyoufu Manga Collection: Souichi no Tanoshii Nikki,7.36
Busou RenkinBuso Renkin,7.3
Monster Hunter: Senkou no Kariudo (Monster Hunter: Flash Hunter),7.14
Nakanohito Genome [Jikkyouchuu]: Knots of Memories,6.82
Naruto Shinden Series (Naruto: Itachi's Story),8.33
Madoromi-chan ga Iku. (Go!Go! Madoromi-chan.),7.39
Hana wa Shinitagaru,7.3
Oneesama to Watashi: Ojousama ga Isekai Tensei (My Sister and Giant: A Young Lady is Reborn in Another World.),7.7
Danball Senki Wars,7.0
Girls & Panzer Heartful Tank Disc: Fushou Akiyama Yukari no Sensha Kouza,6.81
21st Century Boys,8.44
Kanojo no Kuchizuke,7.24
Itou Junji Kyoufu Manga Collection 16: Frankenstein,7.54
One Punch Man 2nd Season SpecialsOne Punch Man Season 2 Specials,7.39
Noblesse: Pamyeol-ui Sijak,7.25
Kodomo wa Tomaranai (Kids Will Not Stop),7.43
Princess Bride Story,6.97
B-Shock,6.97
Kanokon,7.05
Owaranai Seraph: Nagoya-henSeraph of the Endless: Battle in Nagoya,7.33
Aldnoah.Zero (Aldnoah.Zero Season One),6.95
Cello Hiki no Gauche (1982)Gauche the Cellist,6.88
Initial D Battle Stage,7.58
Shanhe Jian XinThousand Autumns,7.66
Devil Summoner: Kuzunoha Raidou Tai Kodoku no Marebito,7.24
Knights,7.01
Devil Survivor,7.29
Ultimate Janken,7.45
Do Chokkyuu Kareshi x Kanojo,7.52
Hoshi no Suna: Ameno Sayaka Tanpenshuu,7.0
Hatsukoi Fuzen Moratorium,6.91
Gundam Build Divers Re:Rise 2nd SeasonGUNDAM BUILD DIVERS Re:RISE,7.47
xxxHOLiC Movie: Manatsu no Yoru no YumexxxHOLiC The Movie: A Midsummer Night's Dream,7.93
Boku no Lily (My Lily),7.18
Given,8.32
Lupin III: Walther P38Lupin III: Island of Assassins,7.33
Kindaichi Shounen no JikenboThe File of Young Kindaichi,7.94
UQ Holder! Mahou Sensei Negima! 2UQ Holder!,6.92
UQ Holder! Mahou Sensei Negima! 2 OVA,7.19
Rebuild World,7.75
Slow Loop,7.41
Orange,8.09
"Yuyushiki: Komarasetari, Komarasaretari",7.31
Being Raised by Villains,7.54
Quanzhi Fashi V,7.28
Yume-iro Pâtissière: Mune Kyun Tropical Island!,7.13
Hikaru no Go,8.12
Ie Naki Ko Remy Specials,7.41
Kung Fu Komang,7.1
Tennis no Oujisama: Pair Prince,7.19
Battle Royale: Tenshi-tachi no Kokkyou (Battle Royal: Angels' Border),6.97
You to Bakemono ni Naru Chichi ga Tsurai (A Life Turned Upside Down: My Dad's an Alcoholic),7.68
Anne Happy♪Anne-Happy,6.95
Jungle wa Itsumo Hare nochi Guu Final,7.61
Nisekoi (Nisekoi: False Love),7.72
Galge no Sekai de Shinyuu ♂ ga Ore wo Suki dato Iidashite!? (My Best Friend♂ Confessed to Me in a Dating Sim),7.18
Durarara!!x2 Ketsu,8.05
Hoshigami-kun wa Douka shiteiru,7.13
RahXephon,7.39
Chu♥Chu♥Chu,6.96
"Takanashi Rikka Kai: Chuunibyou demo Koi ga Shitai! MovieLove, Chunibyo & Other Delusions!: Rikka Version",7.38
Somali to Mori no KamisamaSomali and the Forest Spirit,7.82
Yokohama Kaidashi Kikou: Quiet Country Cafe,7.13
Teruteru x Shounen (Teru Teru x Shonen),7.12
Soko no Koisuru Baito Shokun!,7.04
Boku wa Ookami. (I am the only wolf.),7.35
Will o' Wisp,7.36
Levius,7.42
Xiuluo Wu Shen,7.21
Luo Xiao Hei Zhan Ji: Zhongsheng Zhi MenThe Legend of Luoxiaohei: The Gate of All Living Beings,7.05
Komatta Toki ni wa Hoshi ni Kike,8.28
Raiden-18,7.03
A-Channel: Nabe wo TabeyouA-Channel: Let's Eat Hot Pot,6.86
O-bo-re-ta-i,7.02
Kidou Senshi Gundam: Gyakushuu no Char - Beltorchika's Children,7.56
Umineko no Naku Koro ni - Episode 3: Banquet of the Golden Witch (Umineko WHEN THEY CRY Episode 3: Banquet of the Golden Witch),8.36
Love Live! School Idol Project OVA,6.86
Majokko Shimai no Yoyo to NeneMagical Sisters Yoyo & Nene,7.35
Heart Gear,7.56
Ushio to Tora Gaiden,7.15
Tonikaku KawaiiTONIKAWA: Over The Moon For You,7.88
Haru Niwa,7.09
Hadashi de Bara wo Fume (Stepping on Roses),7.47
Kaibutsu Oujo: Konsui OujoPrincess Comatose,6.94
Tsuki ga Kirei desu ne,7.57
Fire Emblem Heroes: Eiyuu-tachi no Nichijou (Fire Emblem Heroes: A Day in the Life),7.29
Himegoto: Juukyuusai no Seifuku (HIME-GOTO: uniforms at the age of nineteen),7.5
Sekai de Ichiban Warui Majo (The Worst Witch in the World),7.29
Tsumiki no IeLa Maison en Petits Cubes,8.01
Blue Gender,7.02
22-26: Fujimoto Tatsuki Tanpenshuu (Tatsuki Fujimoto Before Chainsaw Man: 22-26),7.25
Seikimatsu Occult GakuinOccult Academy,7.04
Higurashi no Naku Koro niHigurashi: When They Cry,7.88
Shokugeki no Souma: Shin no SaraFood Wars! The Fourth Plate,7.74
Mori no Takuma-san,7.04
"Hige wo Soru. Soshite Joshikousei wo Hirou. (Higehiro: After Being Rejected, I Shaved and Took in a High School Runaway)",7.25
Sanzokuou,6.98
Hiatari Ryoukou!,7.15
MÄR,7.25
Yozakura Quartet: Hoshi no Umi,7.38
Jigoku ShoujoHell Girl,7.61
Sola,7.18
Yaotome x 2,7.07
Soukyuu no Fafner: Dead Aggressor - Exodus Special,6.94
Haha wo Tazunete Sanzenri,7.45
Strike the Blood Final,6.9
Tenchi Muyou!Tenchi Muyo! Tenchi Universe,7.42
Jewelpet,6.83
Air Gear,7.49
Break Blade Movie 2: Ketsubetsu no MichiBroken Blade 2,7.71
Soukyuu no Fafner: Dead Aggressor - The Beyond,7.25
"Tanbo de Hirotta Onna Kishi, Inaka de Ore no Yome dato Omowareteiru (All My Neighbors Are Convinced the Female Knight from My Rice Field Is My Wife)",7.11
Heat Guy J: Toriko - AngelHeatGuy J: Angel,6.89
Yuugure Light,7.47
"Ikoku Meiro no Croisée The Animation: Ongakkai ""Récital""Croisée in a Foreign Labyrinth The Animation: Concert",7.32
Code Geass: Boukoku no Akito 3 - Kagayaku Mono Ten yori OtsuCode Geass: Akito the Exiled - The Brightness Falls,7.28
Wakusei Closet (Alone in the Planet),7.42
SK8R'S,7.29
Juuni Kokuki (The Twelve Kingdoms),8.41
The Perks of Being a Villainess,7.88
Netoge no Yome ga Ninki Idol datta: Cool-kei no Kanojo wa Genjitsu demo Yome no Tsumori de Iru (My Wife in the Web Game Is a Popular Idol.),7.25
Hadaka no Banri-kun,7.02
Kamichu! SpecialsThe Goddess is a Middle School Student,7.44
Mahoutsukai no Konyakusha (Fiancée of the Wizard),6.99
Tensei shitara Slime Datta Ken: Coleus no YumeThat Time I Got Reincarnated as a Slime: Visions of Coleus,7.63
Zoku - Kindan no Koi wo Shiyou,7.38
Bishoujo Senshi Sailor Moon R: Make Up! Sailor SenshiSailor Moon R: Make Up! Sailor Guardians,7.07
Yuu☆Yuu☆Hakusho: Two Shots/Noru ka Soru ka,7.4
Girls Go Around,7.02
Ojamajo Doremi Sharp Movie,7.17
Ultra Maniac,7.16
Suenagaku Yoroshiku Onegaishimasu (Together Forever),7.15
Surviving the Game as a Barbarian,7.51
Zettai Muteki Raijin-OhMatchless Raijin-Oh,7.03
Seikai no Danshou: TanjouCrest of the Stars: Birth,7.05
Ao no Hako (Blue Box),7.99
Mahou Shoujo Lyrical Nanoha: The Movie 1stMagical Girl Lyrical Nanoha: The Movie 1st,7.87
Shigatsu wa Kimi no Uso: MomentsYour Lie in April: Moments,7.69
Lovely★ComplexLovely Complex,8.03
Minami-ke Natsuyasumi,7.37
Miyamoto Musashi,7.19
Gekijouban Naruto: Shippuuden,7.54
Hyakko,7.57
Hana wo Meshimase (Please Love Flowers),7.42
Slayers Great,7.31
Boruto: Naruto the Movie,7.39
Haruyuki Bus (Bus for Spring),7.72
New Initial D Movie: Legend 3 - MugenInitial D Legend 3: Dream,7.86
Lupin the IIIrd: Jigen Daisuke no BohyouLupin the Third: Jigen's Gravestone,7.81
Dual! Parallel Lun-Lun MonogatariDual! Parallel Trouble Adventure,7.07
Brave 10 Spiral,7.19
The Max-Level Player's 100th Regression,7.73
All Out!!,7.29
Nodame Cantabile,8.26
Hells,6.86
Kimagure Orange☆RoadKimagure Orange Road,7.53
Eve no Jikan (Movie)Time of Eve,7.97
Tokyo Majin Gakuen Kenpucho: TouTokyo Majin,7.05
Yaiteru Futari (How to Grill Our Love),7.72
Love Live! Sunshine!!,7.39
Trauma Center: Golden Hour,7.19
Break BladeBroken Blade,7.25
Tales of the Abyss,7.41
"Rikei ga Koi ni Ochita no de Shoumei shitemita. HeartScience Fell in Love, So I Tried to Prove It r=1-sinθ",7.31
Vampire Doll: Guilt-na-Zan,7.32
"Yuri!!! on Ice: Yuri Plisetsky GPF in Barcelona EX - Welcome to The MadnessYuri!!! On ICE: Yuri Plisetsky GPF in Barcelona EX ""Welcome to The Madness""",7.97
Kamui Den,7.51
Takkoku!!!,7.14
Wakeari Senpai no Kanojo ni Narimashita,6.91
"Sore wa Totsuzen, Unmei no Aite ga",7.52
Tsurune: Tsunagari no IsshaTsurune - The Linking Shot -,8.1
Gakkou no KaidanGhost Stories,7.74
Kiznaiver,7.37
Senpai,7.49
Chizumi & Fujiomi - Pastel Kibun (Chizumi & Fujiomi - Pastel Mood),7.07
Sakamichi no Apollon,8.52
Working!!: Re:Order,6.94
Tokyo Girls Bravo,6.93
Boku wa Tomodachi ga Sukunai: Relay Shousetsu wa Ketsumatsu ga HanpanaiHaganai: A Round-Robin Story's Ending Is Way Extreme,7.03
Birdie Wing: Golf Girls' Story Season 2,7.61
Boku no Hero Academia: Ikinokore! Kesshi no Survival KunrenMy Hero Academia: Make It! Do-or-Die Survival Training,7.16
Gokkun! Pucho (Pixie Pop: Gokkun Pucho),7.41
Ichiroh!,7.12
Dog Days,6.85
Angel Densetsu,7.46
Back to School,7.07
Regina Rena: To the Unforgiven,7.11
Slayers Gorgeous,7.3
+Anima,7.65
Rakuen (Passion Fruit),7.04
Broken Melody,7.0
Koisuru Tenshi Angelique: Kagayaki no AshitaLoving Angel Angelique: Radiant Tomorrow,6.89
Natsuyasumi 00-nichime,7.27
Hattatsu Shougai to Issho ni Otona ni Natta Watashitachi (My Brain Is Different: Stories of ADHD and Other Developmental Disorders),7.58
Love♥Monster,7.56
"Watashi ga Motenai no wa Dou Kangaetemo Omaera ga Warui!WataMote: No Matter How I Look At It, It's You Guys' Fault I'm Not Popular!",6.99
Full Ahead! Coco,7.18
Majo Minarai wo SagashiteLooking for Magical Doremi,7.58
Chichi to Ko (Father and Son),7.69
Memories,7.71
Rakshasa Street,7.15
Toaru Kagaku no Railgun T: Motto Marutto Railgun,6.82
100-nichigo ni Kekkon suru Futari,7.05
"Sono Me, Kuchi hodo ni.",7.12
Isekai Ryouridou (Cooking with Wild Game),7.13
Citrus+,7.66
Uzaki-chan wa Asobitai!Uzaki-chan Wants to Hang Out!,6.99
Hiren Trip,7.07
Sword Art Online: Progressive Movie - Hoshi Naki Yoru no AriaSword Art Online the Movie: Progressive - Aria of a Starless Night,7.98
Captain Tsubasa: Europe Daikessen,6.83
Penguin Highway,7.31
Pokonyan!Rocky Rackat!,7.03
Captain Tsubasa Season 2: Junior Youth-henCaptain Tsubasa: Junior Youth Arc,7.39
Wan Jie Fa ShenGod of Ten Thousand Realms,7.2
Yingxiong Zai LinHero Return,6.91
UniteUp!,7.02
Youkoso Jitsuryoku Shijou Shugi no Kyoushitsu e: 2-nensei-hen (Welcome to the Classroom of the Second-year),7.88
We Can Fly!,6.99
Koi ja nai no da! (It's Not Love!),7.1
Maseki Gourmet: Mamono no Chikara wo Tabeta Ore wa Saikyou! (Magic Stone Gourmet: Eating Magical Power Made Me the Strongest),6.93
Hanashippanashi,7.11
Meitantei Conan Movie 22: Zero no ShikkouninCase Closed Movie 22: Zero the Enforcer,7.85
Saiki Kusuo no Ψ-nan: Ψ-shidou-henThe Disastrous Life of Saiki K.: Reawakened,8.11
Kara no Kyoukai Remix: Gate of Seventh HeavenThe Garden of Sinners Remix: Gate of Seventh Heaven,7.54
Esper Mami,7.58
Aizawa-san Zoushoku (Aizawa-san Multiplies),7.13
See You in My 19th Life,8.14
"Akuyuu no Ore ga Ponkotsu Kishi wo Miterarenai nda ga, Dou Sewa wo Yakya Ii?: Madome Gaiden (An Archdemon's (Friend's) Dilemma: How to Babysit a Crybaby Knight)",7.14
Gacha wo Mawashite Nakama wo Fuyasu: Saikyou no Bishoujo Gundan wo Tsukuriagero,6.91
Goblin Slayer,7.74
High School DxD DX,8.01
Plastic Memories,7.91
Shi Yi Chang An: Mingyue Jishi You ErMemory of Chang'an 2nd Season,7.2
Debut or Die!,7.85
Kidou Senshi Gundam: Senkou no Hathaway,7.68
Satsuma Gishiden,7.62
Kore wa Zombie desu ka?,7.74
Mahou Shoujo Lyrical Nanoha: The Movie 2nd A'sMagical Girl Lyrical Nanoha: The Movie 2nd A's,8.12
Satougashi no Dangan wa Uchinukenai: A Lollypop or A Bullet,7.91
"K: Seven Stories Movie 4 - Lost Small World - Ori no Mukou niK: SEVEN STORIES ""Lost Small World - Outside the Cage - """,7.44
"""Bungaku Shoujo"" Movie",7.33
Kamisama no MemochouHeaven's Memo Pad,7.48
H2O: Footprints in the Sand,7.24
Akuyaku Reijou Level 99: Watashi wa Ura-Boss desu ga Maou dewa Arimasen (Villainess Level 99: I May Be the Hidden Boss but I'm Not the Demon Lord),7.05
Doraemon Movie 25: Nobita no Wan Nyan JikuudenDoraemon the Movie: Nobita in the Wan-Nyan Spacetime Odyssey,7.35
Koi wa Tenka no Mawarimono,7.21
Waccha PriMagi!,7.09
Smash!,7.62
Clamp Gakuen TanteidanCLAMP School Detectives,6.84
Meitantei Conan Movie 19: Gouka no HimawariDetective Conan Movie 19: The Sunflowers of Inferno,7.72
Goukaku no Tame no! Yasashii Sankaku Kankei Nyuumon (An Introduction to Easy Triangle Relationships.),7.32
Grancrest Senki (Record of Grancrest War),6.91
"Kamisama Hajimemashita: Kamisama, Shiawase ni Naru",8.15
"Ore no Nounai Sentakushi ga, Gakuen Love Comedy wo Zenryoku de Jama shiteiru",7.83
Brave Story,7.41
"Suki tte Ii na yo. Dareka gaSay ""I Love You."" OVA",7.24
Ikoku Meiro no Croisée,7.41
&,7.38
Ore no Kokan wa Bishoujo Datta no ka,7.6
Hajime no IppoFighting Spirit,8.77
One Piece: Episode of Alabasta - Prologue,7.18
"Sentouin, Hakenshimasu! (Combatants Will Be Dispatched!)",7.53
Teiji ni Agaretara (If We Leave on the Dot),7.45
Omairi desu yo (Hopelessly Devoted),7.82
Koukaku Kidoutai Arise: Ghost in the Shell - Border:2 Ghost WhispersGhost in the Shell: Arise - Border 2: Ghost Whispers,7.48
The Love Doctor,7.33
Heya Camp△Room Camp,7.34
Hokuto no Ken MovieFist of the North Star: The Movie,7.22
High Score Girl (Hi Score Girl),8.14
Captain Tsubasa: Golden-23,7.4
Gundam Build Fighters,7.73
High School DxD BorN: Ishibumi Ichiei Kanzen Kanshuu! Mousou Bakuyou Kaijo Original VideoHigh School DxD BorN Specials,7.36
Sensei to Watashi,6.98
Rewrite: Side-R,7.47
Shin Megami Tensei Devil Children,6.98
Heat,7.23
Touhou Niji Sousaku Doujin Anime: Musou Kakyou,7.35
Madougushi Dahlia wa Utsumukanai (Magic Artisan Dahlia Wilts No More),7.06
Mai-Otome Specials,6.92
Romance ni wa Hodotooi,7.35
Genshiken,7.63
Akachan to BokuBaby and Me,7.81
Kotoura-sanThe Troubled Life of Miss Kotoura,7.16
Shoujo Kakumei UtenaRevolutionary Girl Utena,8.21
Shakunetsu KabaddiBurning Kabaddi,7.02
Mahou Shoujo-tai ArusuTweeny Witches,7.05
SKET Dance,8.21
Butter!!!,6.94
Rin-chan Now (Hatsune Miku: Rin-Chan Now!),7.07
Tales of Xillia: Side;Milla,6.95
Shingeki no Kyojin: The Final SeasonAttack on Titan: Final Season,8.79
"Tennis no Oujisama Movie 1: Futari no Samurai - The First GameThe Prince of Tennis: The Two Samurai, The First Game",7.33
Shounen Shoujo,7.02
Onanie Master Kurosawa,8.41
Yama no Susume Second SeasonEncouragement of Climb Season 2,7.55
Yuria 100 Shiki,6.92
Crayon Shin-chan Movie 09: Arashi wo Yobu Mouretsu! Otona Teikoku no Gyakushuu,7.86
Danganronpa 3: The End of Kibougamine Gakuen - Zetsubou-henDanganronpa 3: The End of Hope's Peak High School - Despair Arc,7.37
"Doumo, Suki na Hito ni Horegusuri wo Irai sareta Majo desu. (Hello, I Am a Witch and My Crush Wants Me to Make a Love Potion!)",7.28
Tanaka-kun wa Kyou mo KedarugeTanaka is Listless Today Too,7.28
Wu Liuqi: Anying SumingScissor Seven: Shadow Fate,7.99
Yu☆Gi☆Oh! 5D'sYu-Gi-Oh! 5D's,7.45
Houkago Play (Afterschool Play),7.28
Kono Sekai no Katasumi niIn This Corner of the World,8.22
Kuro no ShoukanshiBlack Summoner,7.09
Boku wa Tomodachi ga Sukunai,7.52
Shakugan no Shana MovieShakugan no Shana: The Movie,7.37
Hayate no Gotoku! Heaven Is a Place on EarthHayate the Combat Butler! Movie,7.14
Samurai High School,7.48
3-gatsu no Lion 2nd SeasonMarch Comes In Like a Lion 2nd Season,8.92
Hirayasumi,8.52
Princess Principal,7.68
Kokkoku,6.99
Ousama Ranking: Yuuki no TakarabakoRanking of Kings: The Treasure Chest of Courage,7.28
Bishounen TanteidanPretty Boy Detective Club,7.1
Mail,6.97
Mayonaka Heart Tune (Tune In to the Midnight Heart),7.37
Burn the Witch,6.93
Seishun Shonbori Club (Heart Break Club),7.15
Nejimaki Seirei Senki: Tenkyou no Alderamin,7.77
Angel Heart 2nd Season,7.34
Shinomiya-kun no Sekai ga Owattemo,7.0
Ni Tian ZhizunAgainst The Sky Supreme,7.01
Good Night World,7.12
Hetalia Axis Powers,7.89
Accel World,7.22
R.O.D: Read or DieR.O.D - Read or Die,7.62
Urusei Yatsura Movie 3: Remember My Love,6.94
Yume no Moribito,7.09
Hachimitsu to Clover IIHoney and Clover II,8.2
School Rumble San GakkiSchool Rumble 3rd Semester,7.29
Nyan Koi!,7.65
Giant Robo the Animation: Chikyuu ga Seishi Suru HiGiant Robo the Animation: The Day the Earth Stood Still,7.78
Huyao Xiao Hongniang: Yue Hong,7.61
"Shuumatsu Nani Shitemasu ka? Mou Ichido dake, Aemasu ka? (Do you have what THE END? May I meet you once again?)",7.9
Kimi wa Midara na Boku no Joou,7.01
The Kabocha WineThe Pumpkin Wine,6.92
Binbougami ga!Good Luck Girl!,7.67
Good Morning Kiss,7.48
Tekkon Kinkreet,7.94
Seventeen Syrups,7.06
Sonny Boy,7.78
Fairy Tail Gaiden,7.19
Nakanmon!,7.4
Watashi no Oyome-kun (Mr. Bride),7.29
Lupin III: Part 6Lupin the Third Part 6,7.19
Fanren Xiu Xian Chuan: Yan Jia Bao Dazhan,7.27
Amaama to InazumaSweetness & Lightning,7.53
Reijou wa Mattari wo Goshomou. (My Lady Just Wants to Relax),7.0
Kuroki Yodomi no Hedoro-san (Kraunessa the Black Stagne),7.16
Motokare ga Fudanshi ni Natteorimashite. (My Ex-Boyfriend Loves Boys' Love!),6.92
Kidou Senshi Gundam Senki: Lost War Chronicles (Mobile Suit Gundam: Lost War Chronicles),7.02
Ai no Wakakusa MonogatariTales of Little Women,7.38
Tate no Kuni (The Vertical World),7.61
Ginga Densetsu Weed (Ginga Legend Weed),7.51
Tenkuu Senki Shurato,7.18
Peppermint,7.04
Genki Bakuhatsu GanbarugerEnergetic Bomb Ganbaruger,7.28
Black Bullet,7.09
El Cazador de la Bruja,7.22
Mardock Scramble,7.3
Tenkuu Senki Shurato,7.18
The iDOLM@STER Shiny Festa,7.19
Only Sense Online,7.64
Iblard Jikan,6.87
Fushigi Mahou Fun Fun Pharmacy,7.24
"Yuusha, YamemasuI'm Quitting Heroing",7.02
IDOLiSH7 Second Beat!,8.15
Megane Cafe Glass,7.07
Dragon Ball: Ossu! Kaettekita Son Gokuu to Nakama-tachi!!Dragon Ball: Yo! The Return of Son-Goku and Friends!!,6.83
Toaru Majutsu no Index-tanA Certain Magical Index: Specials,6.91
Kanojo wa Rokurokubi,7.18
Ookami ga Kuru!,7.11
Futari wa PrecurePretty Cure,7.1
Cat's Eye,7.2
Kokkoku (Kokkoku: Moment by Moment),7.11
The Innocent,7.2
Dareka wo Norowazu ni Irarenai Kono Sekai de (Can't Stop Cursing You),7.48
Asobi Asobase Specials,7.6
Tsubasa ChronicleTsubasa RESERVoir CHRoNiCLE,7.52
The First Slam Dunk,8.81
Koizora: Setsunai Koimonogatari,7.87
500-nen no Itonami (His Romance of 500 Years),7.35
Asobi Asobase Specials,7.6
Gohan no Otomo (Side Dish Which Matches Rice Well),7.5
Alps no Shoujo HeidiHeidi: Girl of the Alps,7.38
Love Letter,7.65
Hellsing: Digest for Freaks,7.6
K: Lost Small World,7.85
Rurouni Kenshin: Meiji Kenkaku Romantan - Seisou-henSamurai X: Reflection,7.97
"Hige wo Soru. Soshite Joshikousei wo Hirou.Higehiro: After Being Rejected, I Shaved and Took in a High School Runaway",7.28
Ano Hi Mita Hana no Namae wo Bokutachi wa Mada Shiranai.,8.17
Yama no SusumeEncouragement of Climb,6.83
Motto To LOVE-RuMotto To LOVE Ru,7.27
Utahime (Utahime: The Songstress),7.06
Poyopoyo Kansatsu NikkiPoyopoyo,7.64
Neck and Neck,7.26
Bungou Stray Dogs 4th SeasonBungo Stray Dogs 4,8.45
Baccano!,7.48
Zhen Hun JieRakshasa Street,7.49
My Little Goat,7.11
The Legend of the Northern Blade,8.38
"Saijo no Osewa: Takane no Hanadarake na Meimonkou de, Gakuin Ichi no Ojousama (Seikatsu Nouryoku Kaimu) wo Kagenagara Osewa suru Koto ni Narimashita",7.24
Boogiepop wa WarawanaiBoogiepop Phantom,7.16
Kakumei no Hi (The Day of Revolution),7.38
Anata ga Shite Kurenakutemo (Even If You Don't Do It),7.19
Zhen Hun Jie: Bei Luo Shi Men Pian Part 1Rakshasa Street,6.97
Black Cat (TV)Black Cat,7.32
Lupin III: Harimao no Zaihou wo Oe!!,6.9
Ace wo Nerae! (1979)Aim for the Ace!: The Movie,6.95
Angel Beats! Specials,7.55
Jigoku Shoujo MitsuganaeHell Girl: Three Vessels,7.61
Druaga no Tou: The Sword of UrukTower of Druaga: The Sword of Uruk,7.19
Watashi ni Tenshi ga Maiorita! Special,7.28
Meitantei Conan Movie 26: Kurogane no SubmarineDetective Conan Movie 26: Black Iron Submarine,8.33
Kaichou wa Maid-sama!: Omake da yo!Maid Sama!: It's an Extra!,7.48
Nanairo Sekai,7.78
Spy x Family Part 2,8.28
"K: Seven Stories Movie 5 - Memory of Red - BurnK: SEVEN STORIES ""Memory of RED - BURN -""",7.62
Kagerou Daze Koushiki Anthology Comic: Summer,6.99
Hakuouki: Reimeiroku OVA,7.1
Kaguya-hime,7.27
Akarui Kioku Soushitsu (Cheerful Amnesia),7.49
Chibi Maruko-chan Movie,7.08
Meitantei Conan OVA 07: Agasa-sensei no Chousenjou! Agasa vs Conan & Shounen TanteidanDetective Conan OVA 07: A Challenge from Agasa! Agasa vs. Conan and the Detective Boys,7.25
I.O.N,6.96
Kikou Ryohei Mellowlink,7.12
Log Horizon Gaiden: Honey Moon Logs,7.05
Senyuu.: Alba/Ross-hen - Minato Machi no Eiyuu,7.48
Tsuki ga Kirei Special,7.26
Nanatsu no Taizai: Mokushiroku no YonkishiThe Seven Deadly Sins: Four Knights of the Apocalypse,7.16
Hitler (Shigeru Mizuki's Hitler),7.57
Kingdom Hearts: Chain of Memories,7.51
Hachimitsu Darling (Honey Darling),7.51
Prime Rose,7.47
Chibi☆Devi!,6.87
Dou Danjo!?,7.29
Tian Bao Fuyao LuLegend of Exorcism,7.42
Senki Zesshou Symphogear GSymphogear G,7.46
Friends: Mononoke Shima no NakiFriends: Naki of Monster Island,6.95
Hokenshitsu no Kageyama-kun (Kageyama-kun in the public health room),7.08
Kyou no Cerberus (Today's Cerberus),7.5
Durarara!!x2 Ketsu: Dufufufu!!,7.55
Genderless Danshi ni Aisareteimasu. (My Androgynous Boyfriend),7.28
Blue Lock,8.53
Bakusou Kyoudai Let's & Go WGP,7.14
Binan Koukou Chikyuu Bouei-bu LOVE! LOVE!Cute High Earth Defense Club LOVE! LOVE!,7.02
Dogs: Bullets & Carnage,7.3
"Inari, Konkon, Koi Iroha.Inari Kon Kon",7.19
Let's Akuma Tech Kyoushitsu,7.06
Occultic;Nine,6.89
Chuuka Ichiban!,7.59
High School DxD,7.56
Hunter x Hunter: Greed Island,8.18
Hayate no Gotoku! OVA,7.09
Mashikaku Rock,7.2
Kimi ni TodokeKimi ni Todoke: From Me to You,8.01
Nana Recaps,6.97
Kumichou Musume to SewagakariThe Yakuza's Guide to Babysitting,7.76
Koukaku Kidoutai: Shin MovieGhost in the Shell: The New Movie,7.43
"Houkago, Koishita. (I Fell in Love After School)",7.36
Shin Tennis no Oujisama,7.37
Sorenara Isso Koi ni Nare,6.97
Pokemon Movie 10: Dialga vs. Palkia vs. DarkraiPokémon: The Rise Of Darkrai,7.3
Gochuumon wa Usagi desu ka? BloomIs the Order a Rabbit? Bloom,7.92
unTouchable,7.15
Air Gear - Trick:358,7.38
Senjou no ValkyriaValkyria Chronicles,7.57
Nijuu Mensou no MusumeThe Daughter of 20 Faces,7.55
Merry Unbalance Christmas,7.0
Daicon Opening Animations,7.71
Mizuki-senpai no Koi Uranai (Mizuki-senpai's Love Fortune-Telling),7.26
Ohayou toka Oyasumi toka,7.47
Sabaki no Mon,7.32
Shinrei Tantei YakumoPsychic Detective Yakumo,7.3
Corseltel no Ryuujitsushi Monogatari,7.25
Kyou mo Ashita mo.,7.39
Shaman King: Red Crimson,7.16
Densetsu Kyojin IdeonSpace Runaway Ideon,7.05
"Fuufu Ijou, Koibito Miman.More than a Married Couple, but Not Lovers.",7.59
I Adopted a Villainous Dad,6.96
Mewkledreamy Mix!,7.13
Kidou Senshi Gundam: Orera Renpou Gurentai,7.05
Hachiouji Meibutsu: Tengu no Koi (Tenkoi in Hachioji),7.28
07-Ghost,7.19
"Benriya Saitou-san, Isekai ni IkuHandyman Saitou in Another World",7.44
Spas-Pa,6.95
Huyao Xiao Hongniang: Nan GuoFox Spirit Matchmaker 6th Season,7.34
Birdmen,7.45
Clannad: After Story,8.93
Taiyou no Kiba Dagram,7.44
Do It Yourself!!,7.46
Arashi no Yoru ni,7.64
Toaru Hikuushi e no TsuiokuThe Princess and the Pilot,7.6
Battle Athletess Daiundoukai (TV)Battle Athletes Victory,6.92
"Yahari Ore no Seishun Love Comedy wa Machigatteiru. Kan: Dakara, Shishunki wa Owarazu ni, Seishun wa Tsuzuiteiku.My Teen Romantic Comedy SNAFU Climax! OVA",7.67
Hanamonogatari,7.93
Kobayashi-san Chi no Maid Dragon SMiss Kobayashi's Dragon Maid S,8.27
Sunohara-sou no Kanrinin-san,7.01
Aoi HanaSweet Blue Flowers,7.1
Eromanga-sensei: Yamada Elf Daisensei no Koisuru Junshin Gohan,7.14
Clover no Kuni no Alice: Bloody Twins (Alice in the Country of Clover: Bloody Twins),7.34
Soil,7.44
Hotarubi no Mori eInto the Forest of Fireflies' Light,8.28
Jujutsu Kaisen 0 MovieJujutsu Kaisen 0,8.46
Ranma ½: Nettou Uta GassenRanma 1/2: Hot Song Contest,7.11
Gintama: Dai Hanseikai,8.07
Otome no Itari,7.16
Nana,8.55
Kusuriya no HitorigotoThe Apothecary Diaries,8.8
Misoshiru de Kanpai!,7.33
Takahashi Rumiko Gekijou Ningyo no MoriMermaid Forest,7.01
Bartender,7.94
Top Secret,7.82
Tengen Toppa Gurren Lagann: Mitee Mono wa Miteen da!!Gurren Lagann: There are Some Things I Just Have to See!!,7.35
Ginga Eiyuu Densetsu,7.07
Luo Xiao Hei Zhan JiThe Legend of Luoxiaohei,7.32
Uma Musume: Pretty Derby - 1st Anniversary Special Animation,7.06
Fushigi Yuugi: EikoudenMysterious Play: Eikoden,6.81
NieR:Automata,8.21
Kore ga Koi to Iu naraba,7.03
Gekkan Shoujo Nozaki-kun Anthology,7.41
Slayers Premium,7.18
Haikyuu!! Movie 4: Concept no TatakaiHaikyu!! The Movie: Battle of Concepts,8.21
Senki Zesshou SymphogearSymphogear,7.03
Peach GirlPeach Girl: Super Pop Love Hurricane,6.93
Beelzebub-jou no Okinimesu mama. (As Miss Beelzebub Likes),7.63
Ochamegami Monogatari: Korokoro PollonLittle Pollon,7.14
Boruto: Naruto the Movie,7.39
Ahiru no Sora,7.27
Huyao Xiao Hongniang: Yue Hong,7.61
Juushin Enbu: Hero TalesHero Tales,6.82
Haiyore! Nyaruko-san W: W ni Sayonara/Kono Onsen ni Koi no Konton wo,7.05
Duranki,7.08
Di Gi Charat Nyo,7.07
Bishoujo Senshi Sailor Moon R: The MovieSailor Moon R: The Movie - The Promise of the Rose,7.72
Kaitai Shinsho Ø,7.32
"Inari, Konkon, Koi Iroha. Inari, Konkon, Semishigure.Inari Kon Kon OVA",6.86
Motto Itte♥,7.23
Oshi ni Amagami,7.31
Ao no Exorcist (Blue Exorcist),7.89
Demi-chan wa Kataritai: Demi-chan no NatsuyasumiInterviews With Monster Girls: The Demi-chans' Summer Break,7.48
Long ZuDragon Raja,7.12
Yami no Moribito,7.66
The Breaker,7.38
Rappi Rangai (Ninja Girls),7.28
Bakuon Rettou,8.14
Strike the Blood,7.03
I Will Fall With the Emperor,7.16
Kimi ni Suki tte Iwasetai (I'd Like To Make You Say Loving.),7.25
Samurai Usagi,7.23
Majin Tantei Nougami NeuroNeuro: Supernatural Detective,7.59
xxxHOLiC Shi (xxxHOLiC・Shi),7.37
School Zone (School Zone Girls),7.83
Doraemon Movie 22: Nobita to Tsubasa no Yuusha-tachiDoraemon the Movie: Nobita and the Winged Braves,7.22
Berserk: Ougon Jidai-hen I - Haou no TamagoBerserk: The Golden Age Arc I - The Egg of the King,7.71
Chrno CrusadeChrono Crusade,7.61
Bleach: Sennen Kessen-hen - Ketsubetsu-tan RecapBleach: Thousand-Year Blood War - The Separation Recap,6.99
Golden Kamuy OVA,7.24
Yu☆Gi☆Oh! R (Yu-Gi-Oh! R),6.95
Watashi ni Tenshi ga Maiorita! Precious FriendsWataTen! An Angel Flew Down to Me: Precious Friends,7.53
Mahou Shoujo Lyrical Nanoha InnocentS (Magical Girl Lyrical Nanoha InnocentS),7.09
Yogoreteru Hima nanka Nai,6.91
Freezing: Pair Love Stories,7.05
Nanatsu no Taizai: King no Manga Michi,7.06
Suzuka,7.17
Code Geass: Hangyaku no Lelouch R2Code Geass: Lelouch of the Rebellion R2,8.91
Durarara!!,8.1
Clover no Kuni no Alice: Heart no Kishi (Alice in the Country of Clover: Ace of Hearts),7.11
Seirei GensoukiSeirei Gensouki: Spirit Chronicles,7.06
Kunoichi Tsubaki no Mune no Uchi,7.19
Shaman King (2021),6.89
Shark'd,7.39
Taiyou no Mokushiroku: A Spirit of the Sun,6.81
Ai no Wakakusa MonogatariTales of Little Women,7.38
Bokutachi wa Shitte Shimatta,7.44
Rico,6.92
Genjitsu Touhi shitetara Boroboro ni Natta Hanashi (My Alcoholic Escape from Reality),7.66
Gakuen Alice,7.64
Saturn Return,6.93
Momogumi Plus Senki,7.02
High Spec Lovers,7.08
Jewelpet Happiness,7.07
"Love Hina: Motoko no Sentaku, Koi ka Ken... ""Naku na""Love Hina: Motoko's Choice Between Love or Swords: Don't cry!",7.22
Mnemosyne: Mnemosyne no Musume-tachiRin: Daughters of Mnemosyne,7.26
Fei Ren Zai 1st Season Part 2,6.88
Air Master,6.96
Galaxy Angel Music Collection: Shouen to Shien no Cassoulet,6.9
Hataraku Saibou: Kaze ShoukougunCells at Work!: The Common Cold,7.22
"Deja-vu (Deja-vu: Spring, Summer, Fall, Winter)",7.04
Saiyuuki Reload BlastSaiyuki Reload Blast,7.21
Amagami SS: Tachibana Miya-hen - ImoutoAmagami SS: Little Sister,7.19
Yuuki Yuuna wa Yuusha de Aru: Washio Sumi no Shou 2 - Tamashii,7.79
Petit Four,6.94
Toradora!: Bentou no GokuiToradora!: Bento Battle,7.43
Mystery to Iu nakare (Don't Call It Mystery),8.25
Rakka Ryuusui,7.01
Amagami SS,7.29
Gyakusatsu KikanGenocidal Organ,7.12
Gravitation: The Novel,7.27
Shousetsuban Medaka Box,7.15
Kanon,7.05
Kamigami no Asobi,7.01
Shanghai Youma Kikai,6.98
Iono-sama Fanatics,6.96
SSSS.Gridman,7.12
Heroic Age,7.51
Suki Naki Koi,6.97
Hanyou no Yashahime: Sengoku Otogizoushi - Ni no ShouYashahime: Princess Half-Demon: The Second Act,7.08
Tenmaku Cinema,7.16
Koko ni Iru yo! (I Am Here!),7.67
Return to Player,7.24
Doraemon Movie 16: Nobita no Sousei NikkiDoraemon the Movie: Nobita's Diary of the Creation of the World,7.0
Pumpkin Scissors,7.16
Termina,7.03
Billion Princess,7.11
Efforts Never Betray,7.43
Rosario to Vampire,7.36
Ro-Kyu-Bu!,7.14
Liang Bu Yi (No Doubt In Us),7.61
Tomie: Nottori,6.96
Kuuchuu BurankoWelcome to Irabu's Office,7.91
Sugar Dark: Umerareta Yami to Shoujo,7.32
The Perfect Hybrid,6.99
"Maou-sama, Retry! R (Demon Lord, Retry! R)",7.16
Fudatsuki no Kyouko-chan,7.04
Kobayashi-san Chi no OO DragonMiss Kobayashi's Dragon Something,7.24
"Kono Ai wa, Itan. (The Heresy of Love)",6.99
Initial D: Project D to the Next Stage - Project D e Mukete,7.56
Paprika,8.04
Meitantei Conan Magic File 3: Shinichi to Ran Mahjong Pai to Tanabata no OmoideDetective Conan Magic File 3: Shinichi and Ran - Memories of Mahjong Tiles and Tanabata,7.41
Ginban Kaleidoscope,7.17
Eat-Man: The Main Dish,7.0
Chikyuu no Owari wa Koi no Hajimari (I'm in Love and It's the End of the World),7.19
Juu Ou Sei (Jyu-Oh-Sei),7.39
Kimi to Wonderland (We found Wonderland),7.12
Koutetsu Jeeg,7.06
Stella no MahouMagic of Stella,6.85
Saint SeiyaSaint Seiya: Knights of the Zodiac,7.75
Lady & Oldman,7.03
Plastic Memories: Say to Good-bye,7.86
Etsusa Oohashi Series,7.51
Onnanoko wa Koi wo Suru to Mousou Shichaun desu.,7.16
Hakoiri Devil Princess (My Dearest Devil Princess),7.03
The First Slam Dunk,8.81
"Amaesasete Hinamori-san! (Spoil Me Plzzz, Hinamori-san!)",7.12
Date A Live III,7.18
Kyoukai no KanataBeyond the Boundary,7.72
"Yamete kudasai, Koishii desu.",7.17
SunabouzuDesert Punk,7.38
Kyoushoku Soukou Guyver (Bio-Booster Armor Guyver),7.75
Uchuu Senkan Yamato: Fukkatsu-hen,6.94
Kuroko no Basket NG-shuuKuroko's Basketball Specials,7.66
Hirano to Kagiura,7.6
Atashin'chiMy Family,7.35
Akagami no Shirayuki-himeSnow White with the Red Hair,7.76
Gakkou e Ikenai Boku to 9-nin no Sensei,7.01
Aiyou de MishiX&Y,7.09
Slayers Great,7.31
Chrome Breaker,7.07
Knight's & Magic,7.07
X,7.39
Hajishirazu no Purple Haze: JoJo no Kimyou na Bouken yori (Purple Haze Feedback),8.17
Doraemon Movie 03: Nobita no DaimakyouDoraemon the Movie: Nobita and the Haunts of Evil,7.08
Umineko no Naku Koro ni Tsubasa,7.54
Midara na Ao-chan wa Benkyou ga Dekinai (Ao-chan Can't Study!),7.05
Soukyuu no Fafner: Dead Aggressor - The Beyond Part 4,7.35
Parallel City,7.44
"Dragon Ball Z Movie 08: Moetsukiro!! Nessen, Ressen, ChougekisenDragon Ball Z: Broly - The Legendary Super Saiyan",7.31
Kindaichi Shounen no Jikenbo: Kuromajutsu Satsujin Jiken-hen,6.96
Kobatotei Ibun,7.1
Final Fantasy XIV: Shiritsu Eorzea Gakuen (Final Fantasy XIV: Eorzea Academy),7.15
Soredemo Boku wa Kimi ga Suki (Forget Me Not),7.59
Appleseed Saga Ex MachinaAppleseed: Ex Machina,7.31
Jaku-Chara Tomozaki-kun 2nd StageBottom-Tier Character Tomozaki 2nd Stage,7.34
Aria the Avvenire,7.89
Inazuma Eleven Go vs. Danball Senki W Movie,6.94
Seitokai Yakuindomo Movie 2,7.78
Xingchen Bian: Po Tian Mi Ju,7.53
Qin Shi Mingyue: Zhu Zi Bai JiaQin's Moon: Hundred Schools of Thought,6.86
Yong ShengImmortality,7.19
Grimm Meisaku GekijouGrimm's Fairy Tale Classics,7.41
Kidou Senshi Gundam SEED Special EditionMobile Suit Gundam SEED Special Edition,7.27
Go! Princess PrecureGo! Princess Pretty Cure,7.82
Boku no Kokoro no Yabai Yatsu: Twi-Yaba,7.75
Furare Girl,7.54
"Haikara-san ga Tooru Movie 1: Benio, Hana no 17-saiHaikara-san: Here Comes Miss Modern",7.49
Kyuukyoku Venus (Ultimate Venus),7.41
Prison School: Mad Wax,7.37
Utsuro no Hako to Zero no Maria (The Empty Box and Zeroth Maria),8.7
Saint☆Oniisan (Movie)Saint☆Young Men (Movie),7.79
Yamada-kun to 7-nin no MajoYamada-kun and the Seven Witches,7.54
Dance in the Vampire Bund: Sledge Hammer no Tsuioku (Dance in the Vampire Bund: The Memories of Sledge Hammer),7.19
Megumi no Daigo (Firefighter! Daigo of Fire Company M),8.18
My Life's Tackle,7.29
Code Geass: Hangyaku no Lelouch III - OudouCode Geass: Lelouch of the Rebellion III - Glorification,7.97
Anmitsu HimePrincess Anmitsu,7.39
Kimetsu no Yaiba: Katanakaji no Sato-henDemon Slayer: Kimetsu no Yaiba Swordsmith Village Arc,8.28
Kiteretsu Daihyakka,6.96
Mahou Shoujo Lyrical Nanoha StrikerSMagical Girl Lyrical Nanoha StrikerS,7.63
Dual! Parallel Runrun Monogatari Special,6.84
Ryuuseiki GakusaverShooting Star Gakusaver,6.85
Murder Princess,6.98
Ling Qi 2Spiritpact: Bond of the Underworld,7.47
Mouretsu Pirates: Abyss of HyperspaceBodacious Space Pirates the Movie: Abyss of Hyperspace,7.1
Chikyuu Bouei Kigyou Dai-GuardDai-Guard: Terrestrial Defense Corp.,7.14
Mizu no Haru,7.1
Mushishi: HihamukageMushi-shi: The Shadow that Devours the Sun,8.53
"Ranma ½: Chuugoku Nekonron Daikessen! Okite Yaburi no Gekitou-hen!!Ranma ½: Big Trouble in Nekonron, China",7.23
Madang-eul Naon AmtalgDaisy: A Hen into the Wild,7.32
Class no Daikirai na Joshi to Kekkon suru Koto ni Natta.,7.35
Quanzhi Gaoshou SpecialsThe King's Avatar (2018),8.13
Kindaichi Shounen no Jikenbo Returns 2nd Season,7.65
Billion Dogs,7.04
Crayon Shin-chan Movie 24: Bakusui! Yumemi World Dai TotsugekiCrayon Shin-chan: Fast Asleep! The Great Assault on the Dreaming World!,7.13
1 Litre no Namida,7.68
Usogui,8.46
Hanbun no Tsuki ga Noboru Sora,7.1
Clover,7.9
Rockman X2,7.01
Saint Seiya: Meiou Hades Juuni Kyuu-henSaint Seiya: The Hades Chapter - Sanctuary,8.05
Naka no Warui Iinazuke no Hanashi,7.04
Mahou Shoujo Tokushusen Asuka (Magical Girl Spec-Ops Asuka),7.06
Miira no KaikataHow to Keep a Mummy,7.47
The New Gate,7.66
Digimon Adventure 02,7.23
Kimi ni Ageru. (I Give to You),7.31
Meitantei Conan Movie 07: Meikyuu no CrossroadDetective Conan Movie 07: Crossroad in the Ancient Capital,7.8
Kono Bijutsu-bu ni wa Mondai ga Aru!This Art Club Has a Problem!,7.18
Ookami to KoushinryouSpice and Wolf,8.22
Fune wo AmuThe Great Passage,7.61
Gravitation: Lyrics of Love,6.89
Koucha Ouji (Tea Prince),7.11
Mahouka Koukou no Rettousei: Raihousha-henThe Irregular at Magic High School: Visitor Arc,7.28
T.R.A.P.,7.11
Wakaokami wa Shougakusei! MovieOkko's Inn,7.5
Gintama.: Shirogane no Tamashii-hen - Kouhan-senGintama.: Silver Soul Arc - Second Half War,8.88
Real,8.94
Arata Kangatari (Arata: The Legend),7.38
Grisaia no Kajitsu Specials,6.9
Ayahatori Shoukanchou,7.09
